-- SEED DATA ---
/c gracemusic

-- // 'User' seed data //
INSERT INTO "User" (id, first_name, last_name, password, email, is_admin) values (1, 'Cherida', 'Lowdiane', 'LV6wUz7w', 'clowdiane0@youtube.com', false);
insert into "User" (id, first_name, last_name, password, email, is_admin) values (2, 'Odie', 'Yokel', 'NOhDsSW', 'oyokel1@about.me', true);
insert into "User" (id, first_name, last_name, password, email, is_admin) values (3, 'Tom', 'Rignoldes', 'uMqOb0YVlbHY', 'trignoldes2@oracle.com', true);
insert into "User" (id, first_name, last_name, password, email, is_admin) values (4, 'Rene', 'Muehle', '1s9f1GN2R', 'rmuehle3@netlog.com', true);
insert into "User" (id, first_name, last_name, password, email, is_admin) values (5, 'Gail', 'Nisco', 'tbqHdqyOyGmE', 'gnisco4@sphinn.com', false);
insert into "User" (id, first_name, last_name, password, email, is_admin) values (6, 'Grant', 'Stamp', '1ma1Cfu', 'gstamp5@unesco.org', false);
insert into "User" (id, first_name, last_name, password, email, is_admin) values (7, 'Ranna', 'Woffenden', 'qRcyoIWrVk', 'rwoffenden6@parallels.com', false);
insert into "User" (id, first_name, last_name, password, email, is_admin) values (8, 'Reagan', 'Mogra', 'mFdwq7ju', 'rmogra7@state.gov', true);
insert into "User" (id, first_name, last_name, password, email, is_admin) values (9, 'Pammi', 'Danet', 'OPdgZanVH2Y2', 'pdanet8@answers.com', true);
insert into "User" (id, first_name, last_name, password, email, is_admin) values (10, 'Nerte', 'Raise', '3alk7nZ', 'nraise9@altervista.org', true);
insert into "User" (id, first_name, last_name, password, email, is_admin) values (11, 'Hartley', 'Hedges', 'RnuScIqiCIjq', 'hhedgesa@vinaora.com', false);
insert into "User" (id, first_name, last_name, password, email, is_admin) values (12, 'Caryn', 'Goldsack', 'kXJEsY3', 'cgoldsackb@domainmarket.com', false);
insert into "User" (id, first_name, last_name, password, email, is_admin) values (13, 'Henry', 'Mearns', 'YdEQZ3Ln5X', 'hmearnsc@sun.com', false);
insert into "User" (id, first_name, last_name, password, email, is_admin) values (14, 'Zabrina', 'Iddison', 'w765WU', 'ziddisond@blinklist.com', true);
insert into "User" (id, first_name, last_name, password, email, is_admin) values (15, 'Cacilie', 'Altamirano', '1W7dhUNzMSx', 'caltamiranoe@sciencedirect.com', false);
insert into "User" (id, first_name, last_name, password, email, is_admin) values (16, 'Carrie', 'Causton', 'b4prD1aaCI7', 'ccaustonf@unicef.org', true);
insert into "User" (id, first_name, last_name, password, email, is_admin) values (17, 'Pete', 'Hevey', 'jV0OLqD', 'pheveyg@umich.edu', false);
insert into "User" (id, first_name, last_name, password, email, is_admin) values (18, 'Shayne', 'Boarleyson', 'cUHwZjMUd9g', 'sboarleysonh@cafepress.com', false);
insert into "User" (id, first_name, last_name, password, email, is_admin) values (19, 'Marge', 'Caltera', 'EHtcsC', 'mcalterai@nbcnews.com', true);
insert into "User" (id, first_name, last_name, password, email, is_admin) values (20, 'Marchelle', 'Klemenz', 'p12YGEc', 'mklemenzj@technorati.com', false);


-- // 'Course' seed data //
insert into "Course" (id, name, level) values (1, 'ultrices', 4);
insert into "Course" (id, name, level) values (2, 'aliquet', 3);
insert into "Course" (id, name, level) values (3, 'ipsum', 2);
insert into "Course" (id, name, level) values (4, 'id', 3);
insert into "Course" (id, name, level) values (5, 'in', 2);
insert into "Course" (id, name, level) values (6, 'curabitur', 5);
insert into "Course" (id, name, level) values (7, 'lectus', 2);
insert into "Course" (id, name, level) values (8, 'eleifend', 4);
insert into "Course" (id, name, level) values (9, 'fusce', 4);
insert into "Course" (id, name, level) values (10, 'eros', 2);


-- // '"Lesson"' seed data //
insert into "Lesson" (id, course_id, name, stanza, sound) values (1, 4, 'et', 'http://comsenz.com/placerat/praesent/blandit/nam.jpg?nullam=ut&varius=at&nulla=dolor&facilisi=quis&cras=odio&non=consequat&velit=varius&nec=integer&nisi=ac&vulputate=leo&nonummy=pellentesque&maecenas=ultrices&tincidunt=mattis&lacus=odio&at=donec&velit=vitae&vivamus=nisi&vel=nam&nulla=ultrices&eget=libero&eros=non&elementum=mattis&pellentesque=pulvinar&quisque=nulla&porta=pede&volutpat=ullamcorper&erat=augue&quisque=a&erat=suscipit&eros=nulla&viverra=elit&eget=ac&congue=nulla&eget=sed&semper=vel', 'http://nih.gov/enim/leo/rhoncus/sed/vestibulum/sit/amet.json?pretium=non&iaculis=lectus&diam=aliquam&erat=sit&fermentum=amet&justo=diam&nec=in&condimentum=magna&neque=bibendum&sapien=imperdiet&placerat=nullam&ante=orci&nulla=pede&justo=venenatis&aliquam=non&quis=sodales&turpis=sed&eget=tincidunt&elit=eu&sodales=felis&scelerisque=fusce&mauris=posuere&sit=felis&amet=sed&eros=lacus&suspendisse=morbi&accumsan=sem&tortor=mauris&quis=laoreet&turpis=ut&sed=rhoncus&ante=aliquet&vivamus=pulvinar&tortor=sed&duis=nisl&mattis=nunc&egestas=rhoncus&metus=dui&aenean=vel&fermentum=sem&donec=sed&ut=sagittis&mauris=nam&eget=congue&massa=risus&tempor=semper&convallis=porta&nulla=volutpat&neque=quam&libero=pede&convallis=lobortis&eget=ligula&eleifend=sit&luctus=amet&ultricies=eleifend&eu=pede&nibh=libero&quisque=quis&id=orci&justo=nullam&sit=molestie&amet=nibh&sapien=in&dignissim=lectus&vestibulum=pellentesque&vestibulum=at&ante=nulla&ipsum=suspendisse&primis=potenti&in=cras&faucibus=in&orci=purus&luctus=eu&et=magna&ultrices=vulputate&posuere=luctus&cubilia=cum&curae=sociis&nulla=natoque');
insert into "Lesson" (id, course_id, name, stanza, sound) values (2, 2, 'in', 'https://barnesandnoble.com/luctus/ultricies/eu/nibh/quisque/id/justo.html?penatibus=orci&et=eget&magnis=orci&dis=vehicula&parturient=condimentum&montes=curabitur&nascetur=in&ridiculus=libero&mus=ut&vivamus=massa&vestibulum=volutpat&sagittis=convallis&sapien=morbi&cum=odio&sociis=odio&natoque=elementum&penatibus=eu&et=interdum&magnis=eu&dis=tincidunt&parturient=in&montes=leo&nascetur=maecenas&ridiculus=pulvinar&mus=lobortis&etiam=est&vel=phasellus&augue=sit&vestibulum=amet&rutrum=erat', 'https://sina.com.cn/semper/rutrum/nulla/nunc.html?tempus=interdum&semper=mauris&est=non&quam=ligula&pharetra=pellentesque&magna=ultrices&ac=phasellus&consequat=id&metus=sapien&sapien=in&ut=sapien&nunc=iaculis&vestibulum=congue&ante=vivamus&ipsum=metus&primis=arcu&in=adipiscing&faucibus=molestie&orci=hendrerit&luctus=at&et=vulputate&ultrices=vitae&posuere=nisl&cubilia=aenean&curae=lectus&mauris=pellentesque&viverra=eget&diam=nunc&vitae=donec&quam=quis&suspendisse=orci&potenti=eget&nullam=orci&porttitor=vehicula&lacus=condimentum&at=curabitur&turpis=in&donec=libero&posuere=ut&metus=massa&vitae=volutpat&ipsum=convallis&aliquam=morbi&non=odio&mauris=odio&morbi=elementum&non=eu');
insert into "Lesson" (id, course_id, name, stanza, sound) values (3, 5, 'nullam', 'http://cam.ac.uk/praesent/id.png?in=a&ante=pede&vestibulum=posuere&ante=nonummy&ipsum=integer&primis=non&in=velit&faucibus=donec&orci=diam&luctus=neque&et=vestibulum&ultrices=eget&posuere=vulputate&cubilia=ut&curae=ultrices&duis=vel&faucibus=augue&accumsan=vestibulum&odio=ante&curabitur=ipsum&convallis=primis&duis=in&consequat=faucibus&dui=orci&nec=luctus&nisi=et&volutpat=ultrices&eleifend=posuere&donec=cubilia&ut=curae&dolor=donec&morbi=pharetra&vel=magna&lectus=vestibulum&in=aliquet&quam=ultrices&fringilla=erat&rhoncus=tortor&mauris=sollicitudin&enim=mi&leo=sit&rhoncus=amet&sed=lobortis', 'http://hc360.com/penatibus/et/magnis/dis/parturient.json?posuere=ultrices&metus=posuere&vitae=cubilia&ipsum=curae&aliquam=nulla&non=dapibus&mauris=dolor&morbi=vel&non=est&lectus=donec&aliquam=odio&sit=justo&amet=sollicitudin&diam=ut&in=suscipit&magna=a&bibendum=feugiat&imperdiet=et&nullam=eros&orci=vestibulum&pede=ac&venenatis=est&non=lacinia&sodales=nisi&sed=venenatis&tincidunt=tristique&eu=fusce&felis=congue&fusce=diam&posuere=id&felis=ornare&sed=imperdiet&lacus=sapien&morbi=urna&sem=pretium&mauris=nisl&laoreet=ut&ut=volutpat&rhoncus=sapien&aliquet=arcu&pulvinar=sed&sed=augue&nisl=aliquam&nunc=erat&rhoncus=volutpat&dui=in&vel=congue&sem=etiam&sed=justo&sagittis=etiam&nam=pretium&congue=iaculis&risus=justo&semper=in&porta=hac&volutpat=habitasse&quam=platea&pede=dictumst&lobortis=etiam&ligula=faucibus&sit=cursus&amet=urna&eleifend=ut&pede=tellus&libero=nulla&quis=ut&orci=erat&nullam=id&molestie=mauris&nibh=vulputate&in=elementum&lectus=nullam&pellentesque=varius&at=nulla&nulla=facilisi&suspendisse=cras');
insert into "Lesson" (id, course_id, name, stanza, sound) values (4, 1, 'velit', 'http://hugedomains.com/ullamcorper/augue/a/suscipit/nulla.png?quis=nulla&tortor=pede&id=ullamcorper&nulla=augue&ultrices=a&aliquet=suscipit&maecenas=nulla&leo=elit&odio=ac&condimentum=nulla&id=sed&luctus=vel&nec=enim&molestie=sit&sed=amet&justo=nunc&pellentesque=viverra&viverra=dapibus&pede=nulla&ac=suscipit&diam=ligula&cras=in&pellentesque=lacus&volutpat=curabitur&dui=at&maecenas=ipsum&tristique=ac&est=tellus&et=semper&tempus=interdum&semper=mauris&est=ullamcorper&quam=purus&pharetra=sit&magna=amet&ac=nulla&consequat=quisque&metus=arcu&sapien=libero&ut=rutrum&nunc=ac&vestibulum=lobortis&ante=vel&ipsum=dapibus&primis=at&in=diam&faucibus=nam&orci=tristique&luctus=tortor', 'http://paypal.com/convallis/nunc/proin/at.js?luctus=condimentum&tincidunt=id&nulla=luctus&mollis=nec&molestie=molestie&lorem=sed&quisque=justo&ut=pellentesque&erat=viverra&curabitur=pede&gravida=ac&nisi=diam&at=cras&nibh=pellentesque&in=volutpat&hac=dui&habitasse=maecenas&platea=tristique&dictumst=est&aliquam=et&augue=tempus&quam=semper&sollicitudin=est&vitae=quam&consectetuer=pharetra&eget=magna&rutrum=ac&at=consequat&lorem=metus&integer=sapien&tincidunt=ut&ante=nunc&vel=vestibulum&ipsum=ante&praesent=ipsum&blandit=primis&lacinia=in&erat=faucibus&vestibulum=orci&sed=luctus&magna=et&at=ultrices&nunc=posuere&commodo=cubilia&placerat=curae&praesent=mauris&blandit=viverra&nam=diam&nulla=vitae&integer=quam&pede=suspendisse&justo=potenti');
insert into "Lesson" (id, course_id, name, stanza, sound) values (5, 9, 'augue', 'http://shutterfly.com/sed/accumsan/felis.js?magna=duis&bibendum=mattis&imperdiet=egestas&nullam=metus&orci=aenean&pede=fermentum&venenatis=donec&non=ut&sodales=mauris&sed=eget&tincidunt=massa&eu=tempor&felis=convallis&fusce=nulla&posuere=neque&felis=libero&sed=convallis&lacus=eget&morbi=eleifend&sem=luctus&mauris=ultricies&laoreet=eu&ut=nibh&rhoncus=quisque&aliquet=id', 'http://nps.gov/id.xml?sem=turpis&duis=sed&aliquam=ante&convallis=vivamus&nunc=tortor&proin=duis&at=mattis&turpis=egestas&a=metus&pede=aenean&posuere=fermentum&nonummy=donec&integer=ut&non=mauris&velit=eget&donec=massa&diam=tempor&neque=convallis&vestibulum=nulla&eget=neque&vulputate=libero&ut=convallis&ultrices=eget&vel=eleifend&augue=luctus&vestibulum=ultricies&ante=eu&ipsum=nibh&primis=quisque&in=id&faucibus=justo&orci=sit&luctus=amet&et=sapien&ultrices=dignissim&posuere=vestibulum&cubilia=vestibulum&curae=ante&donec=ipsum&pharetra=primis&magna=in&vestibulum=faucibus&aliquet=orci&ultrices=luctus&erat=et&tortor=ultrices&sollicitudin=posuere&mi=cubilia&sit=curae&amet=nulla&lobortis=dapibus&sapien=dolor&sapien=vel&non=est&mi=donec&integer=odio&ac=justo&neque=sollicitudin&duis=ut&bibendum=suscipit&morbi=a&non=feugiat&quam=et&nec=eros&dui=vestibulum&luctus=ac&rutrum=est&nulla=lacinia&tellus=nisi&in=venenatis&sagittis=tristique&dui=fusce&vel=congue&nisl=diam&duis=id&ac=ornare&nibh=imperdiet&fusce=sapien&lacus=urna&purus=pretium&aliquet=nisl&at=ut&feugiat=volutpat&non=sapien&pretium=arcu&quis=sed&lectus=augue&suspendisse=aliquam&potenti=erat&in=volutpat&eleifend=in&quam=congue&a=etiam&odio=justo&in=etiam&hac=pretium&habitasse=iaculis&platea=justo&dictumst=in&maecenas=hac');
insert into "Lesson" (id, course_id, name, stanza, sound) values (6, 1, 'amet', 'http://adobe.com/nonummy/integer/non/velit.aspx?diam=orci&cras=luctus&pellentesque=et&volutpat=ultrices&dui=posuere&maecenas=cubilia&tristique=curae&est=mauris&et=viverra&tempus=diam', 'https://deviantart.com/natoque/penatibus/et/magnis/dis/parturient.aspx?justo=turpis&etiam=eget&pretium=elit&iaculis=sodales&justo=scelerisque&in=mauris&hac=sit&habitasse=amet&platea=eros&dictumst=suspendisse&etiam=accumsan&faucibus=tortor&cursus=quis&urna=turpis&ut=sed&tellus=ante&nulla=vivamus&ut=tortor&erat=duis&id=mattis&mauris=egestas&vulputate=metus&elementum=aenean&nullam=fermentum&varius=donec&nulla=ut&facilisi=mauris&cras=eget&non=massa&velit=tempor&nec=convallis&nisi=nulla&vulputate=neque&nonummy=libero&maecenas=convallis&tincidunt=eget&lacus=eleifend&at=luctus&velit=ultricies&vivamus=eu&vel=nibh&nulla=quisque&eget=id&eros=justo&elementum=sit&pellentesque=amet&quisque=sapien&porta=dignissim&volutpat=vestibulum&erat=vestibulum&quisque=ante&erat=ipsum&eros=primis&viverra=in&eget=faucibus&congue=orci&eget=luctus&semper=et&rutrum=ultrices&nulla=posuere&nunc=cubilia&purus=curae&phasellus=nulla&in=dapibus&felis=dolor&donec=vel&semper=est&sapien=donec&a=odio&libero=justo&nam=sollicitudin&dui=ut&proin=suscipit&leo=a');
insert into "Lesson" (id, course_id, name, stanza, sound) values (7, 5, 'cubilia', 'http://ning.com/maecenas/leo/odio/condimentum.html?tortor=quam&id=fringilla&nulla=rhoncus&ultrices=mauris&aliquet=enim&maecenas=leo&leo=rhoncus&odio=sed&condimentum=vestibulum&id=sit&luctus=amet&nec=cursus&molestie=id&sed=turpis&justo=integer&pellentesque=aliquet&viverra=massa&pede=id&ac=lobortis&diam=convallis&cras=tortor&pellentesque=risus&volutpat=dapibus&dui=augue&maecenas=vel&tristique=accumsan&est=tellus&et=nisi&tempus=eu&semper=orci&est=mauris&quam=lacinia&pharetra=sapien&magna=quis&ac=libero&consequat=nullam&metus=sit&sapien=amet', 'https://google.co.jp/parturient/montes.aspx?orci=non&pede=velit&venenatis=donec&non=diam&sodales=neque&sed=vestibulum&tincidunt=eget&eu=vulputate&felis=ut&fusce=ultrices&posuere=vel&felis=augue&sed=vestibulum&lacus=ante&morbi=ipsum&sem=primis&mauris=in&laoreet=faucibus&ut=orci&rhoncus=luctus&aliquet=et&pulvinar=ultrices&sed=posuere&nisl=cubilia&nunc=curae&rhoncus=donec&dui=pharetra&vel=magna&sem=vestibulum');
insert into "Lesson" (id, course_id, name, stanza, sound) values (8, 10, 'felis', 'https://guardian.co.uk/massa/id/nisl.png?vel=luctus&nulla=et&eget=ultrices&eros=posuere&elementum=cubilia&pellentesque=curae&quisque=nulla&porta=dapibus', 'https://nsw.gov.au/nulla/justo/aliquam/quis/turpis/eget.xml?elit=eget&ac=orci&nulla=vehicula&sed=condimentum&vel=curabitur&enim=in&sit=libero&amet=ut&nunc=massa&viverra=volutpat&dapibus=convallis&nulla=morbi&suscipit=odio&ligula=odio&in=elementum&lacus=eu');
insert into "Lesson" (id, course_id, name, stanza, sound) values (9, 6, 'feugiat', 'http://amazon.com/nulla/dapibus/dolor/vel/est/donec/odio.html?augue=velit&vestibulum=id&ante=pretium&ipsum=iaculis&primis=diam&in=erat&faucibus=fermentum&orci=justo', 'http://imdb.com/felis/fusce/posuere/felis/sed/lacus.xml?rutrum=in&at=hac&lorem=habitasse&integer=platea&tincidunt=dictumst&ante=aliquam&vel=augue&ipsum=quam&praesent=sollicitudin&blandit=vitae&lacinia=consectetuer&erat=eget&vestibulum=rutrum&sed=at&magna=lorem&at=integer&nunc=tincidunt&commodo=ante&placerat=vel&praesent=ipsum&blandit=praesent&nam=blandit&nulla=lacinia&integer=erat&pede=vestibulum&justo=sed&lacinia=magna');
insert into "Lesson" (id, course_id, name, stanza, sound) values (10, 9, 'feugiat', 'https://example.com/nunc.xml?eget=vestibulum&eros=velit&elementum=id&pellentesque=pretium&quisque=iaculis&porta=diam&volutpat=erat&erat=fermentum', 'http://answers.com/gravida/nisi/at.js?tristique=magnis&in=dis&tempus=parturient&sit=montes&amet=nascetur&sem=ridiculus&fusce=mus&consequat=vivamus&nulla=vestibulum&nisl=sagittis&nunc=sapien&nisl=cum&duis=sociis&bibendum=natoque&felis=penatibus&sed=et&interdum=magnis&venenatis=dis&turpis=parturient&enim=montes&blandit=nascetur&mi=ridiculus&in=mus&porttitor=etiam&pede=vel&justo=augue&eu=vestibulum&massa=rutrum&donec=rutrum&dapibus=neque&duis=aenean&at=auctor&velit=gravida&eu=sem&est=praesent&congue=id&elementum=massa&in=id&hac=nisl&habitasse=venenatis&platea=lacinia&dictumst=aenean&morbi=sit&vestibulum=amet');
insert into "Lesson" (id, course_id, name, stanza, sound) values (11, 10, 'eu', 'https://w3.org/nullam/sit/amet/turpis/elementum/ligula.png?pede=cras&justo=mi&eu=pede&massa=malesuada&donec=in&dapibus=imperdiet', 'https://soundcloud.com/sem/sed/sagittis.json?ipsum=sit&primis=amet&in=turpis&faucibus=elementum&orci=ligula&luctus=vehicula&et=consequat&ultrices=morbi&posuere=a&cubilia=ipsum&curae=integer&donec=a&pharetra=nibh&magna=in&vestibulum=quis&aliquet=justo&ultrices=maecenas&erat=rhoncus&tortor=aliquam&sollicitudin=lacus&mi=morbi&sit=quis&amet=tortor&lobortis=id&sapien=nulla&sapien=ultrices&non=aliquet&mi=maecenas&integer=leo&ac=odio&neque=condimentum&duis=id&bibendum=luctus&morbi=nec&non=molestie&quam=sed&nec=justo&dui=pellentesque&luctus=viverra&rutrum=pede&nulla=ac&tellus=diam&in=cras&sagittis=pellentesque&dui=volutpat&vel=dui&nisl=maecenas&duis=tristique&ac=est&nibh=et&fusce=tempus&lacus=semper&purus=est&aliquet=quam&at=pharetra&feugiat=magna&non=ac&pretium=consequat&quis=metus&lectus=sapien&suspendisse=ut&potenti=nunc&in=vestibulum&eleifend=ante&quam=ipsum&a=primis&odio=in&in=faucibus&hac=orci&habitasse=luctus&platea=et&dictumst=ultrices&maecenas=posuere&ut=cubilia&massa=curae');
insert into "Lesson" (id, course_id, name, stanza, sound) values (12, 7, 'primis', 'http://bravesites.com/convallis.png?amet=odio&nunc=cras&viverra=mi&dapibus=pede&nulla=malesuada&suscipit=in&ligula=imperdiet&in=et&lacus=commodo&curabitur=vulputate&at=justo&ipsum=in&ac=blandit&tellus=ultrices&semper=enim&interdum=lorem&mauris=ipsum&ullamcorper=dolor&purus=sit&sit=amet&amet=consectetuer&nulla=adipiscing&quisque=elit&arcu=proin&libero=interdum&rutrum=mauris&ac=non&lobortis=ligula&vel=pellentesque&dapibus=ultrices&at=phasellus&diam=id&nam=sapien&tristique=in', 'http://google.com.br/semper/porta/volutpat.html?hac=venenatis&habitasse=lacinia&platea=aenean&dictumst=sit&maecenas=amet&ut=justo&massa=morbi&quis=ut&augue=odio&luctus=cras&tincidunt=mi&nulla=pede&mollis=malesuada&molestie=in&lorem=imperdiet&quisque=et&ut=commodo&erat=vulputate&curabitur=justo&gravida=in&nisi=blandit&at=ultrices&nibh=enim&in=lorem&hac=ipsum&habitasse=dolor&platea=sit&dictumst=amet&aliquam=consectetuer&augue=adipiscing&quam=elit&sollicitudin=proin&vitae=interdum&consectetuer=mauris&eget=non&rutrum=ligula&at=pellentesque&lorem=ultrices&integer=phasellus&tincidunt=id&ante=sapien&vel=in&ipsum=sapien&praesent=iaculis&blandit=congue&lacinia=vivamus&erat=metus');
insert into "Lesson" (id, course_id, name, stanza, sound) values (13, 8, 'ut', 'https://privacy.gov.au/libero/quis/orci.jpg?sed=molestie&ante=hendrerit&vivamus=at&tortor=vulputate&duis=vitae&mattis=nisl&egestas=aenean&metus=lectus&aenean=pellentesque&fermentum=eget&donec=nunc&ut=donec&mauris=quis&eget=orci&massa=eget&tempor=orci&convallis=vehicula&nulla=condimentum&neque=curabitur&libero=in&convallis=libero&eget=ut&eleifend=massa&luctus=volutpat&ultricies=convallis&eu=morbi&nibh=odio&quisque=odio&id=elementum&justo=eu&sit=interdum&amet=eu&sapien=tincidunt&dignissim=in&vestibulum=leo&vestibulum=maecenas&ante=pulvinar&ipsum=lobortis&primis=est&in=phasellus&faucibus=sit&orci=amet&luctus=erat&et=nulla&ultrices=tempus&posuere=vivamus&cubilia=in&curae=felis&nulla=eu&dapibus=sapien&dolor=cursus&vel=vestibulum&est=proin&donec=eu&odio=mi&justo=nulla&sollicitudin=ac&ut=enim&suscipit=in&a=tempor&feugiat=turpis&et=nec&eros=euismod&vestibulum=scelerisque&ac=quam&est=turpis&lacinia=adipiscing&nisi=lorem&venenatis=vitae&tristique=mattis&fusce=nibh&congue=ligula&diam=nec&id=sem&ornare=duis&imperdiet=aliquam&sapien=convallis', 'https://utexas.edu/sem/praesent/id/massa/id.png?non=tellus&pretium=nulla&quis=ut&lectus=erat&suspendisse=id&potenti=mauris&in=vulputate&eleifend=elementum&quam=nullam&a=varius&odio=nulla&in=facilisi&hac=cras&habitasse=non&platea=velit&dictumst=nec&maecenas=nisi&ut=vulputate&massa=nonummy&quis=maecenas&augue=tincidunt&luctus=lacus&tincidunt=at&nulla=velit&mollis=vivamus&molestie=vel&lorem=nulla&quisque=eget&ut=eros&erat=elementum&curabitur=pellentesque&gravida=quisque&nisi=porta&at=volutpat&nibh=erat&in=quisque&hac=erat&habitasse=eros&platea=viverra&dictumst=eget&aliquam=congue&augue=eget&quam=semper&sollicitudin=rutrum&vitae=nulla&consectetuer=nunc&eget=purus&rutrum=phasellus&at=in&lorem=felis&integer=donec&tincidunt=semper&ante=sapien&vel=a&ipsum=libero&praesent=nam&blandit=dui&lacinia=proin&erat=leo&vestibulum=odio&sed=porttitor&magna=id&at=consequat&nunc=in&commodo=consequat&placerat=ut&praesent=nulla&blandit=sed&nam=accumsan&nulla=felis&integer=ut&pede=at&justo=dolor&lacinia=quis&eget=odio&tincidunt=consequat&eget=varius&tempus=integer&vel=ac&pede=leo&morbi=pellentesque&porttitor=ultrices&lorem=mattis&id=odio&ligula=donec&suspendisse=vitae&ornare=nisi&consequat=nam');
insert into "Lesson" (id, course_id, name, stanza, sound) values (14, 9, 'sapien', 'http://ifeng.com/sapien/sapien/non/mi/integer.html?massa=a&id=pede&lobortis=posuere&convallis=nonummy&tortor=integer&risus=non&dapibus=velit&augue=donec&vel=diam&accumsan=neque&tellus=vestibulum&nisi=eget&eu=vulputate&orci=ut&mauris=ultrices&lacinia=vel&sapien=augue&quis=vestibulum&libero=ante&nullam=ipsum&sit=primis&amet=in&turpis=faucibus&elementum=orci&ligula=luctus&vehicula=et&consequat=ultrices&morbi=posuere&a=cubilia&ipsum=curae&integer=donec&a=pharetra&nibh=magna&in=vestibulum&quis=aliquet&justo=ultrices&maecenas=erat&rhoncus=tortor&aliquam=sollicitudin&lacus=mi&morbi=sit&quis=amet&tortor=lobortis&id=sapien&nulla=sapien&ultrices=non&aliquet=mi&maecenas=integer&leo=ac&odio=neque&condimentum=duis&id=bibendum&luctus=morbi&nec=non&molestie=quam&sed=nec&justo=dui&pellentesque=luctus&viverra=rutrum&pede=nulla&ac=tellus&diam=in&cras=sagittis&pellentesque=dui&volutpat=vel&dui=nisl&maecenas=duis&tristique=ac&est=nibh&et=fusce&tempus=lacus&semper=purus&est=aliquet&quam=at&pharetra=feugiat&magna=non&ac=pretium&consequat=quis&metus=lectus&sapien=suspendisse&ut=potenti&nunc=in&vestibulum=eleifend&ante=quam&ipsum=a&primis=odio&in=in&faucibus=hac&orci=habitasse&luctus=platea&et=dictumst&ultrices=maecenas&posuere=ut&cubilia=massa&curae=quis', 'https://blogspot.com/neque/vestibulum/eget.aspx?faucibus=nunc&orci=purus&luctus=phasellus&et=in&ultrices=felis&posuere=donec&cubilia=semper&curae=sapien&duis=a&faucibus=libero&accumsan=nam&odio=dui&curabitur=proin&convallis=leo&duis=odio&consequat=porttitor&dui=id&nec=consequat&nisi=in&volutpat=consequat');
insert into "Lesson" (id, course_id, name, stanza, sound) values (15, 7, 'accumsan', 'http://bbb.org/dapibus/augue.jpg?mattis=felis&odio=donec&donec=semper&vitae=sapien&nisi=a&nam=libero&ultrices=nam&libero=dui&non=proin&mattis=leo&pulvinar=odio&nulla=porttitor&pede=id&ullamcorper=consequat&augue=in&a=consequat&suscipit=ut&nulla=nulla&elit=sed&ac=accumsan&nulla=felis&sed=ut&vel=at&enim=dolor&sit=quis&amet=odio&nunc=consequat&viverra=varius&dapibus=integer&nulla=ac&suscipit=leo&ligula=pellentesque&in=ultrices&lacus=mattis&curabitur=odio&at=donec&ipsum=vitae&ac=nisi&tellus=nam&semper=ultrices&interdum=libero&mauris=non&ullamcorper=mattis&purus=pulvinar&sit=nulla&amet=pede&nulla=ullamcorper&quisque=augue&arcu=a&libero=suscipit&rutrum=nulla&ac=elit&lobortis=ac&vel=nulla&dapibus=sed&at=vel&diam=enim&nam=sit&tristique=amet&tortor=nunc', 'https://wisc.edu/nibh/ligula/nec.js?in=volutpat&lacus=erat&curabitur=quisque&at=erat&ipsum=eros&ac=viverra&tellus=eget&semper=congue&interdum=eget&mauris=semper&ullamcorper=rutrum&purus=nulla&sit=nunc&amet=purus&nulla=phasellus&quisque=in&arcu=felis&libero=donec');
insert into "Lesson" (id, course_id, name, stanza, sound) values (16, 7, 'amet', 'https://businesswire.com/nulla.jsp?tempus=integer&semper=non&est=velit&quam=donec&pharetra=diam&magna=neque&ac=vestibulum&consequat=eget&metus=vulputate&sapien=ut&ut=ultrices&nunc=vel&vestibulum=augue&ante=vestibulum&ipsum=ante&primis=ipsum&in=primis&faucibus=in&orci=faucibus&luctus=orci&et=luctus&ultrices=et&posuere=ultrices&cubilia=posuere&curae=cubilia&mauris=curae&viverra=donec&diam=pharetra&vitae=magna&quam=vestibulum&suspendisse=aliquet&potenti=ultrices&nullam=erat&porttitor=tortor&lacus=sollicitudin&at=mi&turpis=sit&donec=amet&posuere=lobortis&metus=sapien&vitae=sapien&ipsum=non&aliquam=mi&non=integer&mauris=ac&morbi=neque&non=duis&lectus=bibendum&aliquam=morbi&sit=non&amet=quam&diam=nec&in=dui&magna=luctus&bibendum=rutrum&imperdiet=nulla', 'https://usnews.com/semper/rutrum/nulla/nunc/purus.jpg?semper=semper&porta=rutrum&volutpat=nulla&quam=nunc&pede=purus&lobortis=phasellus&ligula=in&sit=felis&amet=donec&eleifend=semper&pede=sapien&libero=a&quis=libero&orci=nam&nullam=dui&molestie=proin&nibh=leo&in=odio&lectus=porttitor&pellentesque=id&at=consequat&nulla=in&suspendisse=consequat&potenti=ut&cras=nulla&in=sed&purus=accumsan&eu=felis&magna=ut&vulputate=at&luctus=dolor&cum=quis');
insert into "Lesson" (id, course_id, name, stanza, sound) values (17, 3, 'in', 'https://rambler.ru/a.png?maecenas=mattis&tristique=nibh&est=ligula&et=nec&tempus=sem&semper=duis&est=aliquam&quam=convallis&pharetra=nunc&magna=proin&ac=at&consequat=turpis&metus=a&sapien=pede&ut=posuere&nunc=nonummy&vestibulum=integer&ante=non&ipsum=velit&primis=donec&in=diam&faucibus=neque&orci=vestibulum&luctus=eget&et=vulputate&ultrices=ut&posuere=ultrices&cubilia=vel&curae=augue&mauris=vestibulum&viverra=ante&diam=ipsum&vitae=primis&quam=in&suspendisse=faucibus&potenti=orci&nullam=luctus&porttitor=et&lacus=ultrices&at=posuere&turpis=cubilia&donec=curae&posuere=donec&metus=pharetra&vitae=magna&ipsum=vestibulum&aliquam=aliquet&non=ultrices&mauris=erat&morbi=tortor&non=sollicitudin&lectus=mi&aliquam=sit&sit=amet&amet=lobortis&diam=sapien&in=sapien&magna=non&bibendum=mi&imperdiet=integer&nullam=ac&orci=neque&pede=duis&venenatis=bibendum&non=morbi&sodales=non&sed=quam&tincidunt=nec&eu=dui&felis=luctus&fusce=rutrum&posuere=nulla&felis=tellus&sed=in&lacus=sagittis&morbi=dui&sem=vel&mauris=nisl&laoreet=duis&ut=ac&rhoncus=nibh&aliquet=fusce&pulvinar=lacus&sed=purus&nisl=aliquet&nunc=at&rhoncus=feugiat&dui=non&vel=pretium&sem=quis&sed=lectus&sagittis=suspendisse&nam=potenti&congue=in', 'http://tinypic.com/quis/turpis/sed/ante/vivamus/tortor/duis.json?quisque=nibh&porta=quisque&volutpat=id&erat=justo&quisque=sit&erat=amet&eros=sapien&viverra=dignissim&eget=vestibulum&congue=vestibulum&eget=ante&semper=ipsum&rutrum=primis&nulla=in&nunc=faucibus&purus=orci&phasellus=luctus&in=et&felis=ultrices&donec=posuere&semper=cubilia&sapien=curae&a=nulla&libero=dapibus&nam=dolor&dui=vel&proin=est&leo=donec&odio=odio&porttitor=justo&id=sollicitudin&consequat=ut&in=suscipit&consequat=a&ut=feugiat&nulla=et&sed=eros&accumsan=vestibulum&felis=ac&ut=est&at=lacinia&dolor=nisi&quis=venenatis&odio=tristique&consequat=fusce&varius=congue&integer=diam&ac=id&leo=ornare&pellentesque=imperdiet&ultrices=sapien&mattis=urna&odio=pretium&donec=nisl&vitae=ut&nisi=volutpat&nam=sapien&ultrices=arcu&libero=sed&non=augue&mattis=aliquam&pulvinar=erat&nulla=volutpat&pede=in&ullamcorper=congue&augue=etiam&a=justo&suscipit=etiam&nulla=pretium&elit=iaculis&ac=justo&nulla=in&sed=hac&vel=habitasse&enim=platea&sit=dictumst&amet=etiam&nunc=faucibus&viverra=cursus&dapibus=urna&nulla=ut&suscipit=tellus&ligula=nulla&in=ut&lacus=erat&curabitur=id&at=mauris&ipsum=vulputate&ac=elementum');
insert into "Lesson" (id, course_id, name, stanza, sound) values (18, 7, 'ac', 'http://bloglines.com/magna.html?quis=facilisi&orci=cras&nullam=non&molestie=velit&nibh=nec&in=nisi&lectus=vulputate&pellentesque=nonummy&at=maecenas&nulla=tincidunt&suspendisse=lacus&potenti=at&cras=velit&in=vivamus&purus=vel&eu=nulla&magna=eget&vulputate=eros&luctus=elementum', 'https://mapquest.com/semper/est.json?quam=morbi&fringilla=ut&rhoncus=odio&mauris=cras&enim=mi&leo=pede&rhoncus=malesuada&sed=in&vestibulum=imperdiet&sit=et&amet=commodo&cursus=vulputate&id=justo&turpis=in&integer=blandit&aliquet=ultrices&massa=enim&id=lorem&lobortis=ipsum&convallis=dolor&tortor=sit&risus=amet&dapibus=consectetuer&augue=adipiscing&vel=elit&accumsan=proin');
insert into "Lesson" (id, course_id, name, stanza, sound) values (19, 4, 'nisi', 'https://sbwire.com/blandit/lacinia/erat/vestibulum/sed.jpg?blandit=nisl&non=aenean&interdum=lectus&in=pellentesque&ante=eget&vestibulum=nunc&ante=donec&ipsum=quis&primis=orci&in=eget&faucibus=orci&orci=vehicula&luctus=condimentum&et=curabitur&ultrices=in&posuere=libero&cubilia=ut&curae=massa&duis=volutpat&faucibus=convallis&accumsan=morbi&odio=odio&curabitur=odio&convallis=elementum&duis=eu&consequat=interdum&dui=eu&nec=tincidunt&nisi=in&volutpat=leo&eleifend=maecenas&donec=pulvinar&ut=lobortis&dolor=est&morbi=phasellus&vel=sit&lectus=amet&in=erat&quam=nulla&fringilla=tempus&rhoncus=vivamus&mauris=in&enim=felis&leo=eu&rhoncus=sapien&sed=cursus&vestibulum=vestibulum&sit=proin&amet=eu&cursus=mi&id=nulla&turpis=ac&integer=enim&aliquet=in&massa=tempor&id=turpis&lobortis=nec&convallis=euismod&tortor=scelerisque&risus=quam&dapibus=turpis&augue=adipiscing&vel=lorem&accumsan=vitae&tellus=mattis&nisi=nibh&eu=ligula&orci=nec&mauris=sem&lacinia=duis&sapien=aliquam&quis=convallis&libero=nunc&nullam=proin&sit=at&amet=turpis&turpis=a&elementum=pede&ligula=posuere&vehicula=nonummy&consequat=integer&morbi=non&a=velit&ipsum=donec&integer=diam', 'http://etsy.com/vestibulum.html?curabitur=mattis&at=nibh&ipsum=ligula&ac=nec&tellus=sem&semper=duis&interdum=aliquam&mauris=convallis');
insert into "Lesson" (id, course_id, name, stanza, sound) values (20, 5, 'tempor', 'http://vinaora.com/hac/habitasse/platea/dictumst/aliquam/augue/quam.js?iaculis=adipiscing&congue=molestie&vivamus=hendrerit&metus=at&arcu=vulputate&adipiscing=vitae&molestie=nisl&hendrerit=aenean&at=lectus&vulputate=pellentesque&vitae=eget&nisl=nunc&aenean=donec&lectus=quis&pellentesque=orci&eget=eget&nunc=orci&donec=vehicula&quis=condimentum&orci=curabitur&eget=in&orci=libero&vehicula=ut&condimentum=massa&curabitur=volutpat&in=convallis&libero=morbi&ut=odio&massa=odio&volutpat=elementum&convallis=eu&morbi=interdum&odio=eu&odio=tincidunt&elementum=in&eu=leo&interdum=maecenas&eu=pulvinar&tincidunt=lobortis&in=est&leo=phasellus&maecenas=sit&pulvinar=amet&lobortis=erat&est=nulla&phasellus=tempus&sit=vivamus&amet=in&erat=felis&nulla=eu&tempus=sapien&vivamus=cursus&in=vestibulum&felis=proin&eu=eu&sapien=mi&cursus=nulla&vestibulum=ac&proin=enim&eu=in&mi=tempor&nulla=turpis&ac=nec&enim=euismod&in=scelerisque&tempor=quam&turpis=turpis&nec=adipiscing&euismod=lorem&scelerisque=vitae&quam=mattis&turpis=nibh&adipiscing=ligula&lorem=nec&vitae=sem&mattis=duis&nibh=aliquam&ligula=convallis&nec=nunc&sem=proin&duis=at', 'https://clickbank.net/ut/tellus/nulla/ut.xml?accumsan=maecenas&tortor=tincidunt&quis=lacus&turpis=at&sed=velit&ante=vivamus&vivamus=vel&tortor=nulla&duis=eget&mattis=eros&egestas=elementum&metus=pellentesque&aenean=quisque&fermentum=porta&donec=volutpat&ut=erat&mauris=quisque&eget=erat&massa=eros&tempor=viverra&convallis=eget&nulla=congue&neque=eget&libero=semper&convallis=rutrum&eget=nulla&eleifend=nunc&luctus=purus&ultricies=phasellus&eu=in&nibh=felis&quisque=donec&id=semper&justo=sapien&sit=a&amet=libero&sapien=nam&dignissim=dui&vestibulum=proin&vestibulum=leo&ante=odio&ipsum=porttitor&primis=id&in=consequat&faucibus=in&orci=consequat&luctus=ut&et=nulla&ultrices=sed&posuere=accumsan&cubilia=felis&curae=ut&nulla=at&dapibus=dolor&dolor=quis&vel=odio&est=consequat&donec=varius&odio=integer&justo=ac&sollicitudin=leo&ut=pellentesque&suscipit=ultrices&a=mattis&feugiat=odio&et=donec&eros=vitae&vestibulum=nisi&ac=nam');
insert into "Lesson" (id, course_id, name, stanza, sound) values (21, 5, 'potenti', 'https://t-online.de/dui/vel.xml?volutpat=convallis&in=eget&congue=eleifend&etiam=luctus&justo=ultricies&etiam=eu&pretium=nibh&iaculis=quisque&justo=id&in=justo&hac=sit&habitasse=amet&platea=sapien&dictumst=dignissim&etiam=vestibulum&faucibus=vestibulum&cursus=ante&urna=ipsum', 'http://va.gov/est.html?quam=non&sapien=mauris&varius=morbi&ut=non&blandit=lectus&non=aliquam&interdum=sit&in=amet&ante=diam&vestibulum=in&ante=magna&ipsum=bibendum&primis=imperdiet&in=nullam&faucibus=orci&orci=pede&luctus=venenatis&et=non&ultrices=sodales&posuere=sed&cubilia=tincidunt&curae=eu&duis=felis&faucibus=fusce&accumsan=posuere&odio=felis&curabitur=sed&convallis=lacus&duis=morbi&consequat=sem&dui=mauris&nec=laoreet&nisi=ut&volutpat=rhoncus&eleifend=aliquet&donec=pulvinar&ut=sed&dolor=nisl&morbi=nunc&vel=rhoncus&lectus=dui&in=vel&quam=sem&fringilla=sed&rhoncus=sagittis&mauris=nam&enim=congue&leo=risus&rhoncus=semper&sed=porta&vestibulum=volutpat&sit=quam&amet=pede&cursus=lobortis&id=ligula&turpis=sit&integer=amet&aliquet=eleifend&massa=pede&id=libero&lobortis=quis&convallis=orci&tortor=nullam&risus=molestie&dapibus=nibh&augue=in&vel=lectus&accumsan=pellentesque&tellus=at&nisi=nulla&eu=suspendisse&orci=potenti&mauris=cras&lacinia=in&sapien=purus&quis=eu&libero=magna&nullam=vulputate&sit=luctus&amet=cum&turpis=sociis&elementum=natoque&ligula=penatibus&vehicula=et&consequat=magnis');
insert into "Lesson" (id, course_id, name, stanza, sound) values (22, 7, 'velit', 'https://purevolume.com/sed/nisl/nunc/rhoncus/dui.html?iaculis=nisl&justo=aenean&in=lectus&hac=pellentesque&habitasse=eget&platea=nunc&dictumst=donec&etiam=quis&faucibus=orci&cursus=eget&urna=orci&ut=vehicula&tellus=condimentum&nulla=curabitur&ut=in&erat=libero&id=ut&mauris=massa&vulputate=volutpat&elementum=convallis&nullam=morbi&varius=odio&nulla=odio&facilisi=elementum&cras=eu&non=interdum&velit=eu&nec=tincidunt&nisi=in&vulputate=leo&nonummy=maecenas&maecenas=pulvinar&tincidunt=lobortis&lacus=est&at=phasellus&velit=sit&vivamus=amet&vel=erat&nulla=nulla&eget=tempus&eros=vivamus&elementum=in&pellentesque=felis&quisque=eu&porta=sapien&volutpat=cursus&erat=vestibulum&quisque=proin&erat=eu&eros=mi&viverra=nulla&eget=ac&congue=enim&eget=in&semper=tempor&rutrum=turpis&nulla=nec&nunc=euismod', 'http://indiatimes.com/mauris/vulputate/elementum/nullam/varius.xml?sapien=dis&urna=parturient&pretium=montes&nisl=nascetur&ut=ridiculus&volutpat=mus&sapien=etiam&arcu=vel&sed=augue&augue=vestibulum&aliquam=rutrum&erat=rutrum&volutpat=neque&in=aenean&congue=auctor&etiam=gravida&justo=sem&etiam=praesent&pretium=id&iaculis=massa&justo=id&in=nisl&hac=venenatis&habitasse=lacinia&platea=aenean&dictumst=sit&etiam=amet&faucibus=justo&cursus=morbi&urna=ut&ut=odio&tellus=cras&nulla=mi&ut=pede&erat=malesuada&id=in&mauris=imperdiet&vulputate=et&elementum=commodo&nullam=vulputate&varius=justo&nulla=in');
insert into "Lesson" (id, course_id, name, stanza, sound) values (23, 9, 'velit', 'http://ning.com/neque/vestibulum/eget.aspx?ut=pharetra&rhoncus=magna&aliquet=ac&pulvinar=consequat&sed=metus&nisl=sapien&nunc=ut&rhoncus=nunc&dui=vestibulum&vel=ante&sem=ipsum&sed=primis&sagittis=in&nam=faucibus&congue=orci&risus=luctus&semper=et&porta=ultrices&volutpat=posuere&quam=cubilia&pede=curae&lobortis=mauris&ligula=viverra&sit=diam&amet=vitae&eleifend=quam&pede=suspendisse&libero=potenti&quis=nullam&orci=porttitor&nullam=lacus&molestie=at&nibh=turpis&in=donec&lectus=posuere&pellentesque=metus&at=vitae&nulla=ipsum&suspendisse=aliquam&potenti=non&cras=mauris&in=morbi&purus=non&eu=lectus&magna=aliquam&vulputate=sit&luctus=amet', 'https://weebly.com/velit.html?dui=non&nec=sodales&nisi=sed&volutpat=tincidunt&eleifend=eu&donec=felis&ut=fusce&dolor=posuere&morbi=felis&vel=sed&lectus=lacus&in=morbi&quam=sem&fringilla=mauris&rhoncus=laoreet&mauris=ut&enim=rhoncus&leo=aliquet&rhoncus=pulvinar&sed=sed&vestibulum=nisl&sit=nunc&amet=rhoncus&cursus=dui&id=vel&turpis=sem&integer=sed&aliquet=sagittis&massa=nam&id=congue&lobortis=risus&convallis=semper&tortor=porta&risus=volutpat&dapibus=quam&augue=pede&vel=lobortis&accumsan=ligula&tellus=sit&nisi=amet&eu=eleifend&orci=pede&mauris=libero&lacinia=quis&sapien=orci&quis=nullam&libero=molestie&nullam=nibh&sit=in&amet=lectus&turpis=pellentesque&elementum=at&ligula=nulla&vehicula=suspendisse&consequat=potenti&morbi=cras&a=in&ipsum=purus&integer=eu&a=magna&nibh=vulputate&in=luctus&quis=cum&justo=sociis&maecenas=natoque&rhoncus=penatibus&aliquam=et&lacus=magnis&morbi=dis&quis=parturient&tortor=montes&id=nascetur&nulla=ridiculus&ultrices=mus&aliquet=vivamus&maecenas=vestibulum&leo=sagittis&odio=sapien&condimentum=cum&id=sociis&luctus=natoque&nec=penatibus&molestie=et&sed=magnis&justo=dis&pellentesque=parturient&viverra=montes&pede=nascetur&ac=ridiculus&diam=mus&cras=etiam&pellentesque=vel&volutpat=augue&dui=vestibulum');
insert into "Lesson" (id, course_id, name, stanza, sound) values (24, 8, 'neque', 'http://icio.us/odio/porttitor.xml?urna=nisi&pretium=volutpat&nisl=eleifend&ut=donec&volutpat=ut&sapien=dolor&arcu=morbi&sed=vel&augue=lectus&aliquam=in&erat=quam&volutpat=fringilla&in=rhoncus&congue=mauris&etiam=enim&justo=leo&etiam=rhoncus&pretium=sed&iaculis=vestibulum&justo=sit&in=amet&hac=cursus&habitasse=id&platea=turpis&dictumst=integer&etiam=aliquet&faucibus=massa&cursus=id&urna=lobortis&ut=convallis&tellus=tortor&nulla=risus&ut=dapibus&erat=augue&id=vel&mauris=accumsan&vulputate=tellus&elementum=nisi&nullam=eu&varius=orci&nulla=mauris&facilisi=lacinia&cras=sapien&non=quis&velit=libero&nec=nullam&nisi=sit', 'http://springer.com/in/blandit/ultrices/enim/lorem.png?dolor=tempus&vel=vivamus&est=in&donec=felis&odio=eu&justo=sapien&sollicitudin=cursus&ut=vestibulum&suscipit=proin&a=eu&feugiat=mi&et=nulla&eros=ac&vestibulum=enim&ac=in&est=tempor&lacinia=turpis&nisi=nec&venenatis=euismod&tristique=scelerisque&fusce=quam&congue=turpis&diam=adipiscing&id=lorem&ornare=vitae&imperdiet=mattis&sapien=nibh&urna=ligula&pretium=nec&nisl=sem&ut=duis&volutpat=aliquam&sapien=convallis&arcu=nunc&sed=proin&augue=at&aliquam=turpis&erat=a&volutpat=pede&in=posuere&congue=nonummy&etiam=integer&justo=non&etiam=velit&pretium=donec&iaculis=diam&justo=neque&in=vestibulum&hac=eget&habitasse=vulputate&platea=ut&dictumst=ultrices&etiam=vel&faucibus=augue&cursus=vestibulum&urna=ante&ut=ipsum&tellus=primis&nulla=in&ut=faucibus&erat=orci&id=luctus&mauris=et&vulputate=ultrices&elementum=posuere&nullam=cubilia&varius=curae&nulla=donec&facilisi=pharetra&cras=magna&non=vestibulum&velit=aliquet&nec=ultrices&nisi=erat&vulputate=tortor&nonummy=sollicitudin');
insert into "Lesson" (id, course_id, name, stanza, sound) values (25, 7, 'vel', 'http://ucoz.com/faucibus/accumsan/odio/curabitur/convallis/duis/consequat.html?non=at&ligula=velit&pellentesque=vivamus&ultrices=vel&phasellus=nulla&id=eget&sapien=eros&in=elementum&sapien=pellentesque&iaculis=quisque&congue=porta&vivamus=volutpat&metus=erat&arcu=quisque&adipiscing=erat&molestie=eros&hendrerit=viverra&at=eget&vulputate=congue&vitae=eget', 'http://gnu.org/turpis/elementum/ligula/vehicula/consequat/morbi.json?mauris=sed&vulputate=tristique&elementum=in&nullam=tempus&varius=sit&nulla=amet&facilisi=sem&cras=fusce&non=consequat&velit=nulla&nec=nisl&nisi=nunc&vulputate=nisl&nonummy=duis&maecenas=bibendum&tincidunt=felis&lacus=sed&at=interdum&velit=venenatis&vivamus=turpis&vel=enim&nulla=blandit&eget=mi&eros=in&elementum=porttitor&pellentesque=pede&quisque=justo&porta=eu&volutpat=massa&erat=donec&quisque=dapibus&erat=duis&eros=at&viverra=velit&eget=eu&congue=est&eget=congue&semper=elementum&rutrum=in&nulla=hac&nunc=habitasse&purus=platea&phasellus=dictumst&in=morbi&felis=vestibulum&donec=velit&semper=id&sapien=pretium&a=iaculis&libero=diam&nam=erat&dui=fermentum&proin=justo&leo=nec&odio=condimentum&porttitor=neque&id=sapien&consequat=placerat&in=ante&consequat=nulla&ut=justo&nulla=aliquam&sed=quis&accumsan=turpis&felis=eget&ut=elit&at=sodales&dolor=scelerisque&quis=mauris&odio=sit&consequat=amet&varius=eros&integer=suspendisse&ac=accumsan&leo=tortor&pellentesque=quis&ultrices=turpis&mattis=sed&odio=ante&donec=vivamus&vitae=tortor&nisi=duis&nam=mattis&ultrices=egestas&libero=metus');
insert into "Lesson" (id, course_id, name, stanza, sound) values (26, 8, 'interdum', 'https://fotki.com/proin/at/turpis/a/pede/posuere.html?interdum=dictumst&in=morbi&ante=vestibulum&vestibulum=velit&ante=id&ipsum=pretium&primis=iaculis&in=diam&faucibus=erat&orci=fermentum&luctus=justo&et=nec&ultrices=condimentum&posuere=neque&cubilia=sapien&curae=placerat&duis=ante&faucibus=nulla&accumsan=justo&odio=aliquam&curabitur=quis&convallis=turpis&duis=eget&consequat=elit&dui=sodales&nec=scelerisque&nisi=mauris&volutpat=sit&eleifend=amet&donec=eros&ut=suspendisse&dolor=accumsan&morbi=tortor&vel=quis&lectus=turpis&in=sed&quam=ante&fringilla=vivamus&rhoncus=tortor&mauris=duis&enim=mattis&leo=egestas&rhoncus=metus&sed=aenean&vestibulum=fermentum&sit=donec&amet=ut&cursus=mauris&id=eget&turpis=massa&integer=tempor&aliquet=convallis&massa=nulla&id=neque&lobortis=libero&convallis=convallis&tortor=eget&risus=eleifend&dapibus=luctus&augue=ultricies&vel=eu&accumsan=nibh&tellus=quisque&nisi=id&eu=justo&orci=sit&mauris=amet&lacinia=sapien&sapien=dignissim&quis=vestibulum&libero=vestibulum&nullam=ante&sit=ipsum&amet=primis&turpis=in&elementum=faucibus&ligula=orci&vehicula=luctus&consequat=et&morbi=ultrices&a=posuere&ipsum=cubilia&integer=curae&a=nulla&nibh=dapibus&in=dolor&quis=vel&justo=est&maecenas=donec&rhoncus=odio&aliquam=justo&lacus=sollicitudin&morbi=ut&quis=suscipit&tortor=a&id=feugiat&nulla=et&ultrices=eros', 'https://nature.com/elit.xml?eleifend=proin&donec=interdum&ut=mauris&dolor=non&morbi=ligula&vel=pellentesque&lectus=ultrices&in=phasellus&quam=id&fringilla=sapien&rhoncus=in&mauris=sapien&enim=iaculis&leo=congue&rhoncus=vivamus&sed=metus&vestibulum=arcu&sit=adipiscing&amet=molestie&cursus=hendrerit&id=at&turpis=vulputate&integer=vitae&aliquet=nisl&massa=aenean&id=lectus&lobortis=pellentesque&convallis=eget&tortor=nunc&risus=donec&dapibus=quis&augue=orci&vel=eget&accumsan=orci&tellus=vehicula&nisi=condimentum&eu=curabitur&orci=in&mauris=libero&lacinia=ut&sapien=massa&quis=volutpat&libero=convallis&nullam=morbi&sit=odio&amet=odio&turpis=elementum&elementum=eu&ligula=interdum&vehicula=eu&consequat=tincidunt&morbi=in&a=leo&ipsum=maecenas&integer=pulvinar&a=lobortis&nibh=est&in=phasellus&quis=sit&justo=amet&maecenas=erat&rhoncus=nulla&aliquam=tempus&lacus=vivamus&morbi=in&quis=felis&tortor=eu&id=sapien&nulla=cursus&ultrices=vestibulum');
insert into "Lesson" (id, course_id, name, stanza, sound) values (27, 5, 'phasellus', 'https://example.com/ac/enim/in/tempor.json?odio=blandit&curabitur=nam&convallis=nulla&duis=integer&consequat=pede&dui=justo&nec=lacinia&nisi=eget&volutpat=tincidunt&eleifend=eget&donec=tempus&ut=vel&dolor=pede&morbi=morbi&vel=porttitor&lectus=lorem&in=id&quam=ligula&fringilla=suspendisse&rhoncus=ornare&mauris=consequat&enim=lectus&leo=in&rhoncus=est&sed=risus&vestibulum=auctor&sit=sed&amet=tristique&cursus=in&id=tempus&turpis=sit&integer=amet&aliquet=sem&massa=fusce&id=consequat&lobortis=nulla&convallis=nisl&tortor=nunc&risus=nisl&dapibus=duis&augue=bibendum&vel=felis&accumsan=sed&tellus=interdum&nisi=venenatis&eu=turpis&orci=enim&mauris=blandit&lacinia=mi&sapien=in&quis=porttitor&libero=pede&nullam=justo&sit=eu&amet=massa&turpis=donec&elementum=dapibus&ligula=duis&vehicula=at&consequat=velit&morbi=eu&a=est&ipsum=congue&integer=elementum&a=in&nibh=hac&in=habitasse&quis=platea&justo=dictumst&maecenas=morbi&rhoncus=vestibulum&aliquam=velit&lacus=id&morbi=pretium&quis=iaculis&tortor=diam&id=erat&nulla=fermentum&ultrices=justo&aliquet=nec&maecenas=condimentum&leo=neque&odio=sapien&condimentum=placerat&id=ante&luctus=nulla', 'http://zimbio.com/maecenas.jpg?integer=tortor&ac=risus&neque=dapibus&duis=augue&bibendum=vel&morbi=accumsan&non=tellus&quam=nisi&nec=eu&dui=orci&luctus=mauris&rutrum=lacinia&nulla=sapien&tellus=quis&in=libero&sagittis=nullam&dui=sit&vel=amet&nisl=turpis&duis=elementum&ac=ligula&nibh=vehicula&fusce=consequat&lacus=morbi&purus=a&aliquet=ipsum&at=integer&feugiat=a&non=nibh&pretium=in&quis=quis&lectus=justo&suspendisse=maecenas&potenti=rhoncus&in=aliquam&eleifend=lacus&quam=morbi&a=quis&odio=tortor&in=id&hac=nulla&habitasse=ultrices&platea=aliquet&dictumst=maecenas&maecenas=leo&ut=odio&massa=condimentum&quis=id&augue=luctus&luctus=nec&tincidunt=molestie&nulla=sed&mollis=justo&molestie=pellentesque&lorem=viverra&quisque=pede&ut=ac&erat=diam&curabitur=cras&gravida=pellentesque&nisi=volutpat&at=dui&nibh=maecenas&in=tristique&hac=est&habitasse=et&platea=tempus&dictumst=semper&aliquam=est&augue=quam&quam=pharetra&sollicitudin=magna&vitae=ac&consectetuer=consequat&eget=metus&rutrum=sapien&at=ut&lorem=nunc&integer=vestibulum&tincidunt=ante&ante=ipsum');
insert into "Lesson" (id, course_id, name, stanza, sound) values (28, 10, 'suspendisse', 'http://hao123.com/nulla.xml?ipsum=nulla&primis=eget&in=eros&faucibus=elementum&orci=pellentesque&luctus=quisque&et=porta&ultrices=volutpat&posuere=erat&cubilia=quisque&curae=erat&duis=eros&faucibus=viverra&accumsan=eget&odio=congue&curabitur=eget&convallis=semper&duis=rutrum&consequat=nulla&dui=nunc&nec=purus&nisi=phasellus&volutpat=in&eleifend=felis&donec=donec&ut=semper&dolor=sapien&morbi=a&vel=libero&lectus=nam&in=dui&quam=proin&fringilla=leo&rhoncus=odio&mauris=porttitor&enim=id&leo=consequat&rhoncus=in&sed=consequat&vestibulum=ut&sit=nulla&amet=sed&cursus=accumsan&id=felis&turpis=ut&integer=at&aliquet=dolor&massa=quis&id=odio&lobortis=consequat&convallis=varius&tortor=integer&risus=ac', 'http://home.pl/ut/odio/cras.html?nulla=vitae&ultrices=quam&aliquet=suspendisse&maecenas=potenti&leo=nullam&odio=porttitor&condimentum=lacus&id=at&luctus=turpis&nec=donec&molestie=posuere&sed=metus&justo=vitae&pellentesque=ipsum&viverra=aliquam&pede=non&ac=mauris&diam=morbi&cras=non&pellentesque=lectus&volutpat=aliquam&dui=sit&maecenas=amet&tristique=diam&est=in&et=magna&tempus=bibendum&semper=imperdiet&est=nullam&quam=orci&pharetra=pede&magna=venenatis&ac=non&consequat=sodales&metus=sed&sapien=tincidunt&ut=eu&nunc=felis&vestibulum=fusce&ante=posuere&ipsum=felis&primis=sed&in=lacus&faucibus=morbi&orci=sem&luctus=mauris&et=laoreet&ultrices=ut&posuere=rhoncus&cubilia=aliquet&curae=pulvinar&mauris=sed&viverra=nisl&diam=nunc&vitae=rhoncus&quam=dui&suspendisse=vel&potenti=sem&nullam=sed&porttitor=sagittis&lacus=nam&at=congue&turpis=risus&donec=semper&posuere=porta&metus=volutpat&vitae=quam&ipsum=pede&aliquam=lobortis&non=ligula&mauris=sit&morbi=amet&non=eleifend&lectus=pede&aliquam=libero&sit=quis&amet=orci&diam=nullam&in=molestie&magna=nibh&bibendum=in&imperdiet=lectus&nullam=pellentesque&orci=at&pede=nulla&venenatis=suspendisse&non=potenti&sodales=cras&sed=in&tincidunt=purus&eu=eu&felis=magna&fusce=vulputate&posuere=luctus&felis=cum');
insert into "Lesson" (id, course_id, name, stanza, sound) values (29, 5, 'mauris', 'http://artisteer.com/lacinia/sapien/quis.html?vivamus=congue&vestibulum=etiam&sagittis=justo&sapien=etiam&cum=pretium&sociis=iaculis&natoque=justo&penatibus=in&et=hac&magnis=habitasse&dis=platea&parturient=dictumst&montes=etiam&nascetur=faucibus&ridiculus=cursus&mus=urna&etiam=ut&vel=tellus&augue=nulla&vestibulum=ut&rutrum=erat&rutrum=id&neque=mauris&aenean=vulputate&auctor=elementum&gravida=nullam&sem=varius&praesent=nulla&id=facilisi&massa=cras&id=non&nisl=velit&venenatis=nec&lacinia=nisi&aenean=vulputate&sit=nonummy&amet=maecenas&justo=tincidunt&morbi=lacus&ut=at&odio=velit&cras=vivamus&mi=vel&pede=nulla&malesuada=eget&in=eros&imperdiet=elementum&et=pellentesque&commodo=quisque&vulputate=porta&justo=volutpat&in=erat&blandit=quisque&ultrices=erat&enim=eros&lorem=viverra&ipsum=eget&dolor=congue&sit=eget&amet=semper&consectetuer=rutrum&adipiscing=nulla&elit=nunc&proin=purus&interdum=phasellus&mauris=in&non=felis&ligula=donec&pellentesque=semper&ultrices=sapien&phasellus=a&id=libero&sapien=nam&in=dui&sapien=proin&iaculis=leo&congue=odio&vivamus=porttitor&metus=id&arcu=consequat&adipiscing=in&molestie=consequat&hendrerit=ut&at=nulla&vulputate=sed&vitae=accumsan&nisl=felis', 'http://yelp.com/lectus/suspendisse/potenti/in/eleifend/quam.jpg?rhoncus=eget&aliquet=tempus&pulvinar=vel&sed=pede&nisl=morbi&nunc=porttitor&rhoncus=lorem&dui=id&vel=ligula&sem=suspendisse&sed=ornare&sagittis=consequat&nam=lectus&congue=in&risus=est&semper=risus&porta=auctor&volutpat=sed&quam=tristique&pede=in&lobortis=tempus&ligula=sit&sit=amet&amet=sem&eleifend=fusce&pede=consequat&libero=nulla&quis=nisl&orci=nunc&nullam=nisl&molestie=duis&nibh=bibendum&in=felis&lectus=sed&pellentesque=interdum&at=venenatis&nulla=turpis&suspendisse=enim&potenti=blandit&cras=mi&in=in&purus=porttitor&eu=pede&magna=justo&vulputate=eu&luctus=massa&cum=donec&sociis=dapibus&natoque=duis');
insert into "Lesson" (id, course_id, name, stanza, sound) values (30, 9, 'curae', 'http://gravatar.com/orci/luctus/et/ultrices/posuere/cubilia.jsp?eleifend=enim&donec=blandit&ut=mi&dolor=in&morbi=porttitor&vel=pede&lectus=justo&in=eu&quam=massa&fringilla=donec&rhoncus=dapibus&mauris=duis&enim=at&leo=velit&rhoncus=eu&sed=est&vestibulum=congue&sit=elementum&amet=in&cursus=hac&id=habitasse&turpis=platea&integer=dictumst&aliquet=morbi&massa=vestibulum&id=velit&lobortis=id&convallis=pretium&tortor=iaculis&risus=diam&dapibus=erat&augue=fermentum&vel=justo&accumsan=nec&tellus=condimentum&nisi=neque&eu=sapien&orci=placerat&mauris=ante&lacinia=nulla&sapien=justo&quis=aliquam&libero=quis&nullam=turpis&sit=eget&amet=elit&turpis=sodales&elementum=scelerisque&ligula=mauris&vehicula=sit&consequat=amet&morbi=eros&a=suspendisse&ipsum=accumsan&integer=tortor&a=quis&nibh=turpis&in=sed&quis=ante&justo=vivamus&maecenas=tortor&rhoncus=duis&aliquam=mattis&lacus=egestas&morbi=metus&quis=aenean&tortor=fermentum&id=donec&nulla=ut&ultrices=mauris&aliquet=eget&maecenas=massa', 'https://timesonline.co.uk/pretium/iaculis.jsp?vivamus=molestie&metus=lorem&arcu=quisque&adipiscing=ut&molestie=erat&hendrerit=curabitur&at=gravida&vulputate=nisi&vitae=at&nisl=nibh&aenean=in&lectus=hac&pellentesque=habitasse&eget=platea&nunc=dictumst&donec=aliquam&quis=augue&orci=quam&eget=sollicitudin&orci=vitae&vehicula=consectetuer&condimentum=eget&curabitur=rutrum&in=at&libero=lorem&ut=integer&massa=tincidunt&volutpat=ante&convallis=vel&morbi=ipsum&odio=praesent&odio=blandit&elementum=lacinia&eu=erat&interdum=vestibulum&eu=sed&tincidunt=magna&in=at&leo=nunc&maecenas=commodo&pulvinar=placerat&lobortis=praesent&est=blandit&phasellus=nam&sit=nulla&amet=integer&erat=pede&nulla=justo&tempus=lacinia&vivamus=eget');
insert into "Lesson" (id, course_id, name, stanza, sound) values (31, 4, 'libero', 'http://sphinn.com/orci/luctus/et/ultrices/posuere/cubilia/curae.js?sed=nulla&magna=eget&at=eros&nunc=elementum&commodo=pellentesque&placerat=quisque&praesent=porta&blandit=volutpat&nam=erat&nulla=quisque&integer=erat&pede=eros&justo=viverra&lacinia=eget&eget=congue&tincidunt=eget&eget=semper&tempus=rutrum&vel=nulla&pede=nunc&morbi=purus&porttitor=phasellus&lorem=in&id=felis&ligula=donec&suspendisse=semper&ornare=sapien&consequat=a&lectus=libero&in=nam&est=dui&risus=proin&auctor=leo&sed=odio&tristique=porttitor&in=id&tempus=consequat&sit=in&amet=consequat&sem=ut&fusce=nulla&consequat=sed&nulla=accumsan&nisl=felis&nunc=ut&nisl=at&duis=dolor&bibendum=quis&felis=odio&sed=consequat&interdum=varius&venenatis=integer&turpis=ac&enim=leo&blandit=pellentesque&mi=ultrices&in=mattis&porttitor=odio&pede=donec&justo=vitae&eu=nisi&massa=nam&donec=ultrices&dapibus=libero&duis=non&at=mattis&velit=pulvinar&eu=nulla&est=pede&congue=ullamcorper&elementum=augue&in=a&hac=suscipit&habitasse=nulla&platea=elit&dictumst=ac&morbi=nulla&vestibulum=sed&velit=vel&id=enim&pretium=sit&iaculis=amet&diam=nunc&erat=viverra&fermentum=dapibus&justo=nulla&nec=suscipit&condimentum=ligula&neque=in&sapien=lacus&placerat=curabitur&ante=at&nulla=ipsum&justo=ac&aliquam=tellus', 'https://harvard.edu/orci/mauris.json?vel=sapien&augue=dignissim&vestibulum=vestibulum&ante=vestibulum&ipsum=ante&primis=ipsum&in=primis&faucibus=in&orci=faucibus&luctus=orci&et=luctus&ultrices=et&posuere=ultrices&cubilia=posuere&curae=cubilia&donec=curae&pharetra=nulla&magna=dapibus&vestibulum=dolor&aliquet=vel&ultrices=est&erat=donec&tortor=odio&sollicitudin=justo&mi=sollicitudin&sit=ut&amet=suscipit&lobortis=a&sapien=feugiat&sapien=et&non=eros&mi=vestibulum&integer=ac&ac=est&neque=lacinia&duis=nisi&bibendum=venenatis&morbi=tristique&non=fusce&quam=congue&nec=diam&dui=id&luctus=ornare&rutrum=imperdiet&nulla=sapien&tellus=urna&in=pretium&sagittis=nisl&dui=ut&vel=volutpat&nisl=sapien&duis=arcu&ac=sed&nibh=augue&fusce=aliquam&lacus=erat&purus=volutpat&aliquet=in&at=congue&feugiat=etiam&non=justo&pretium=etiam&quis=pretium&lectus=iaculis&suspendisse=justo&potenti=in&in=hac&eleifend=habitasse&quam=platea&a=dictumst&odio=etiam&in=faucibus&hac=cursus&habitasse=urna&platea=ut&dictumst=tellus&maecenas=nulla&ut=ut&massa=erat&quis=id&augue=mauris&luctus=vulputate&tincidunt=elementum&nulla=nullam&mollis=varius&molestie=nulla&lorem=facilisi&quisque=cras&ut=non&erat=velit&curabitur=nec');
insert into "Lesson" (id, course_id, name, stanza, sound) values (32, 8, 'eget', 'https://godaddy.com/lacinia.json?odio=erat&odio=curabitur&elementum=gravida&eu=nisi&interdum=at&eu=nibh&tincidunt=in&in=hac&leo=habitasse&maecenas=platea&pulvinar=dictumst&lobortis=aliquam&est=augue&phasellus=quam&sit=sollicitudin&amet=vitae&erat=consectetuer&nulla=eget&tempus=rutrum&vivamus=at&in=lorem&felis=integer&eu=tincidunt&sapien=ante&cursus=vel&vestibulum=ipsum&proin=praesent&eu=blandit&mi=lacinia&nulla=erat&ac=vestibulum&enim=sed&in=magna&tempor=at&turpis=nunc&nec=commodo&euismod=placerat&scelerisque=praesent&quam=blandit&turpis=nam&adipiscing=nulla&lorem=integer&vitae=pede&mattis=justo&nibh=lacinia&ligula=eget&nec=tincidunt&sem=eget&duis=tempus&aliquam=vel&convallis=pede&nunc=morbi&proin=porttitor&at=lorem&turpis=id&a=ligula&pede=suspendisse&posuere=ornare&nonummy=consequat&integer=lectus&non=in&velit=est&donec=risus&diam=auctor&neque=sed&vestibulum=tristique&eget=in', 'http://google.nl/curabitur/convallis/duis/consequat.aspx?ultrices=ipsum&enim=dolor&lorem=sit&ipsum=amet&dolor=consectetuer&sit=adipiscing&amet=elit&consectetuer=proin&adipiscing=interdum&elit=mauris&proin=non&interdum=ligula&mauris=pellentesque&non=ultrices&ligula=phasellus&pellentesque=id&ultrices=sapien&phasellus=in&id=sapien&sapien=iaculis&in=congue&sapien=vivamus&iaculis=metus&congue=arcu&vivamus=adipiscing&metus=molestie&arcu=hendrerit&adipiscing=at');
insert into "Lesson" (id, course_id, name, stanza, sound) values (33, 2, 'volutpat', 'https://google.de/mus.jpg?congue=donec&vivamus=odio&metus=justo&arcu=sollicitudin&adipiscing=ut&molestie=suscipit&hendrerit=a&at=feugiat&vulputate=et&vitae=eros&nisl=vestibulum&aenean=ac&lectus=est&pellentesque=lacinia&eget=nisi&nunc=venenatis&donec=tristique&quis=fusce&orci=congue&eget=diam&orci=id&vehicula=ornare&condimentum=imperdiet&curabitur=sapien&in=urna&libero=pretium&ut=nisl&massa=ut&volutpat=volutpat&convallis=sapien&morbi=arcu&odio=sed&odio=augue&elementum=aliquam&eu=erat&interdum=volutpat&eu=in&tincidunt=congue&in=etiam&leo=justo&maecenas=etiam&pulvinar=pretium&lobortis=iaculis&est=justo&phasellus=in&sit=hac&amet=habitasse&erat=platea&nulla=dictumst&tempus=etiam&vivamus=faucibus&in=cursus&felis=urna&eu=ut&sapien=tellus', 'http://theglobeandmail.com/massa/tempor/convallis/nulla/neque.jsp?vulputate=nec&justo=dui&in=luctus&blandit=rutrum&ultrices=nulla&enim=tellus&lorem=in&ipsum=sagittis&dolor=dui&sit=vel&amet=nisl&consectetuer=duis&adipiscing=ac&elit=nibh&proin=fusce&interdum=lacus&mauris=purus&non=aliquet&ligula=at&pellentesque=feugiat&ultrices=non&phasellus=pretium&id=quis&sapien=lectus&in=suspendisse&sapien=potenti&iaculis=in&congue=eleifend&vivamus=quam&metus=a&arcu=odio&adipiscing=in&molestie=hac&hendrerit=habitasse&at=platea');
insert into "Lesson" (id, course_id, name, stanza, sound) values (34, 6, 'tellus', 'https://businesswire.com/consectetuer/eget/rutrum.html?donec=dui&semper=vel&sapien=nisl&a=duis&libero=ac&nam=nibh&dui=fusce&proin=lacus&leo=purus&odio=aliquet&porttitor=at&id=feugiat&consequat=non&in=pretium&consequat=quis&ut=lectus&nulla=suspendisse&sed=potenti', 'http://blogtalkradio.com/vitae/consectetuer/eget/rutrum/at.png?magna=sed&vulputate=justo&luctus=pellentesque&cum=viverra&sociis=pede&natoque=ac&penatibus=diam&et=cras&magnis=pellentesque&dis=volutpat&parturient=dui&montes=maecenas&nascetur=tristique&ridiculus=est&mus=et&vivamus=tempus&vestibulum=semper&sagittis=est&sapien=quam&cum=pharetra&sociis=magna&natoque=ac&penatibus=consequat&et=metus&magnis=sapien&dis=ut&parturient=nunc&montes=vestibulum&nascetur=ante&ridiculus=ipsum&mus=primis&etiam=in&vel=faucibus&augue=orci&vestibulum=luctus&rutrum=et&rutrum=ultrices&neque=posuere&aenean=cubilia&auctor=curae&gravida=mauris&sem=viverra&praesent=diam&id=vitae&massa=quam&id=suspendisse');
insert into "Lesson" (id, course_id, name, stanza, sound) values (35, 1, 'in', 'https://networkadvertising.org/in.js?eget=hac&elit=habitasse&sodales=platea&scelerisque=dictumst&mauris=morbi&sit=vestibulum&amet=velit&eros=id&suspendisse=pretium&accumsan=iaculis&tortor=diam&quis=erat&turpis=fermentum&sed=justo&ante=nec&vivamus=condimentum&tortor=neque&duis=sapien&mattis=placerat&egestas=ante', 'https://wunderground.com/et/ultrices/posuere/cubilia.js?eget=nullam&congue=sit&eget=amet&semper=turpis&rutrum=elementum&nulla=ligula&nunc=vehicula&purus=consequat&phasellus=morbi&in=a&felis=ipsum&donec=integer&semper=a&sapien=nibh&a=in&libero=quis&nam=justo&dui=maecenas&proin=rhoncus&leo=aliquam&odio=lacus&porttitor=morbi&id=quis&consequat=tortor&in=id&consequat=nulla&ut=ultrices&nulla=aliquet&sed=maecenas&accumsan=leo&felis=odio&ut=condimentum&at=id&dolor=luctus&quis=nec&odio=molestie&consequat=sed&varius=justo&integer=pellentesque&ac=viverra&leo=pede&pellentesque=ac&ultrices=diam&mattis=cras&odio=pellentesque&donec=volutpat&vitae=dui&nisi=maecenas&nam=tristique&ultrices=est&libero=et&non=tempus&mattis=semper&pulvinar=est&nulla=quam&pede=pharetra&ullamcorper=magna&augue=ac&a=consequat&suscipit=metus&nulla=sapien&elit=ut&ac=nunc&nulla=vestibulum&sed=ante&vel=ipsum&enim=primis');
insert into "Lesson" (id, course_id, name, stanza, sound) values (36, 3, 'rhoncus', 'http://ustream.tv/amet/eros/suspendisse/accumsan.js?platea=mauris&dictumst=morbi&maecenas=non&ut=lectus&massa=aliquam&quis=sit&augue=amet&luctus=diam&tincidunt=in&nulla=magna&mollis=bibendum&molestie=imperdiet&lorem=nullam&quisque=orci&ut=pede&erat=venenatis&curabitur=non&gravida=sodales&nisi=sed&at=tincidunt&nibh=eu&in=felis&hac=fusce&habitasse=posuere&platea=felis&dictumst=sed&aliquam=lacus&augue=morbi&quam=sem', 'http://biblegateway.com/a/suscipit/nulla/elit.png?augue=blandit&vel=mi&accumsan=in&tellus=porttitor&nisi=pede&eu=justo&orci=eu&mauris=massa&lacinia=donec&sapien=dapibus&quis=duis&libero=at&nullam=velit&sit=eu&amet=est&turpis=congue&elementum=elementum&ligula=in&vehicula=hac&consequat=habitasse&morbi=platea&a=dictumst&ipsum=morbi&integer=vestibulum&a=velit&nibh=id&in=pretium&quis=iaculis&justo=diam&maecenas=erat&rhoncus=fermentum&aliquam=justo&lacus=nec&morbi=condimentum&quis=neque&tortor=sapien&id=placerat&nulla=ante&ultrices=nulla&aliquet=justo&maecenas=aliquam&leo=quis&odio=turpis&condimentum=eget&id=elit&luctus=sodales');
insert into "Lesson" (id, course_id, name, stanza, sound) values (37, 10, 'justo', 'https://europa.eu/convallis/morbi/odio/odio/elementum/eu.json?habitasse=non&platea=quam&dictumst=nec&etiam=dui&faucibus=luctus&cursus=rutrum&urna=nulla&ut=tellus&tellus=in&nulla=sagittis&ut=dui&erat=vel&id=nisl&mauris=duis&vulputate=ac&elementum=nibh&nullam=fusce&varius=lacus&nulla=purus&facilisi=aliquet&cras=at&non=feugiat&velit=non&nec=pretium&nisi=quis&vulputate=lectus&nonummy=suspendisse&maecenas=potenti&tincidunt=in&lacus=eleifend&at=quam&velit=a&vivamus=odio&vel=in&nulla=hac&eget=habitasse&eros=platea&elementum=dictumst&pellentesque=maecenas&quisque=ut&porta=massa&volutpat=quis&erat=augue&quisque=luctus&erat=tincidunt&eros=nulla&viverra=mollis&eget=molestie&congue=lorem&eget=quisque&semper=ut&rutrum=erat&nulla=curabitur&nunc=gravida&purus=nisi&phasellus=at&in=nibh&felis=in&donec=hac&semper=habitasse&sapien=platea&a=dictumst&libero=aliquam&nam=augue&dui=quam&proin=sollicitudin&leo=vitae&odio=consectetuer&porttitor=eget&id=rutrum&consequat=at&in=lorem&consequat=integer&ut=tincidunt&nulla=ante&sed=vel&accumsan=ipsum&felis=praesent&ut=blandit&at=lacinia&dolor=erat&quis=vestibulum&odio=sed', 'http://state.gov/molestie/nibh/in.jpg?iaculis=aenean&justo=sit&in=amet&hac=justo&habitasse=morbi&platea=ut&dictumst=odio&etiam=cras&faucibus=mi&cursus=pede&urna=malesuada&ut=in&tellus=imperdiet&nulla=et&ut=commodo&erat=vulputate&id=justo&mauris=in&vulputate=blandit&elementum=ultrices&nullam=enim&varius=lorem&nulla=ipsum&facilisi=dolor&cras=sit&non=amet&velit=consectetuer&nec=adipiscing&nisi=elit&vulputate=proin&nonummy=interdum&maecenas=mauris&tincidunt=non&lacus=ligula&at=pellentesque&velit=ultrices&vivamus=phasellus&vel=id&nulla=sapien&eget=in&eros=sapien&elementum=iaculis&pellentesque=congue&quisque=vivamus&porta=metus&volutpat=arcu&erat=adipiscing&quisque=molestie&erat=hendrerit&eros=at&viverra=vulputate&eget=vitae&congue=nisl&eget=aenean&semper=lectus&rutrum=pellentesque&nulla=eget&nunc=nunc&purus=donec');
insert into "Lesson" (id, course_id, name, stanza, sound) values (38, 9, 'eros', 'http://1688.com/vel/nisl/duis.png?posuere=justo&metus=pellentesque&vitae=viverra&ipsum=pede&aliquam=ac&non=diam&mauris=cras&morbi=pellentesque&non=volutpat&lectus=dui&aliquam=maecenas&sit=tristique&amet=est&diam=et&in=tempus&magna=semper&bibendum=est&imperdiet=quam&nullam=pharetra&orci=magna&pede=ac&venenatis=consequat&non=metus&sodales=sapien&sed=ut&tincidunt=nunc&eu=vestibulum&felis=ante&fusce=ipsum&posuere=primis&felis=in&sed=faucibus&lacus=orci&morbi=luctus&sem=et&mauris=ultrices&laoreet=posuere&ut=cubilia&rhoncus=curae&aliquet=mauris&pulvinar=viverra&sed=diam&nisl=vitae&nunc=quam&rhoncus=suspendisse&dui=potenti&vel=nullam&sem=porttitor&sed=lacus&sagittis=at&nam=turpis&congue=donec&risus=posuere&semper=metus&porta=vitae&volutpat=ipsum&quam=aliquam&pede=non&lobortis=mauris&ligula=morbi&sit=non&amet=lectus&eleifend=aliquam&pede=sit&libero=amet&quis=diam&orci=in&nullam=magna&molestie=bibendum&nibh=imperdiet', 'https://theatlantic.com/sed/augue/aliquam.jpg?leo=justo&maecenas=etiam&pulvinar=pretium&lobortis=iaculis&est=justo&phasellus=in&sit=hac&amet=habitasse&erat=platea&nulla=dictumst&tempus=etiam&vivamus=faucibus&in=cursus&felis=urna&eu=ut&sapien=tellus&cursus=nulla&vestibulum=ut&proin=erat&eu=id&mi=mauris&nulla=vulputate&ac=elementum&enim=nullam&in=varius&tempor=nulla&turpis=facilisi&nec=cras&euismod=non&scelerisque=velit&quam=nec&turpis=nisi&adipiscing=vulputate&lorem=nonummy&vitae=maecenas&mattis=tincidunt&nibh=lacus&ligula=at&nec=velit&sem=vivamus&duis=vel&aliquam=nulla&convallis=eget&nunc=eros&proin=elementum&at=pellentesque&turpis=quisque&a=porta&pede=volutpat&posuere=erat&nonummy=quisque&integer=erat&non=eros&velit=viverra&donec=eget');
insert into "Lesson" (id, course_id, name, stanza, sound) values (39, 6, 'convallis', 'http://drupal.org/viverra/pede/ac/diam/cras.html?curae=mus&duis=etiam&faucibus=vel&accumsan=augue&odio=vestibulum&curabitur=rutrum&convallis=rutrum&duis=neque&consequat=aenean&dui=auctor&nec=gravida&nisi=sem&volutpat=praesent&eleifend=id&donec=massa&ut=id&dolor=nisl&morbi=venenatis&vel=lacinia&lectus=aenean&in=sit&quam=amet&fringilla=justo&rhoncus=morbi&mauris=ut&enim=odio&leo=cras&rhoncus=mi&sed=pede&vestibulum=malesuada&sit=in&amet=imperdiet&cursus=et&id=commodo&turpis=vulputate&integer=justo&aliquet=in&massa=blandit&id=ultrices&lobortis=enim&convallis=lorem&tortor=ipsum&risus=dolor&dapibus=sit&augue=amet&vel=consectetuer&accumsan=adipiscing&tellus=elit&nisi=proin&eu=interdum&orci=mauris&mauris=non&lacinia=ligula&sapien=pellentesque&quis=ultrices&libero=phasellus&nullam=id&sit=sapien&amet=in&turpis=sapien&elementum=iaculis&ligula=congue&vehicula=vivamus&consequat=metus&morbi=arcu&a=adipiscing&ipsum=molestie&integer=hendrerit&a=at&nibh=vulputate&in=vitae&quis=nisl&justo=aenean&maecenas=lectus&rhoncus=pellentesque&aliquam=eget&lacus=nunc&morbi=donec&quis=quis&tortor=orci&id=eget&nulla=orci&ultrices=vehicula&aliquet=condimentum&maecenas=curabitur&leo=in&odio=libero&condimentum=ut&id=massa&luctus=volutpat&nec=convallis&molestie=morbi&sed=odio', 'http://a8.net/at/velit/eu/est/congue.aspx?velit=molestie&nec=hendrerit&nisi=at&vulputate=vulputate&nonummy=vitae&maecenas=nisl&tincidunt=aenean&lacus=lectus&at=pellentesque&velit=eget&vivamus=nunc&vel=donec&nulla=quis&eget=orci');
insert into "Lesson" (id, course_id, name, stanza, sound) values (40, 7, 'odio', 'http://ucoz.com/maecenas/tristique/est/et/tempus/semper/est.jsp?nisl=primis&venenatis=in&lacinia=faucibus&aenean=orci&sit=luctus&amet=et&justo=ultrices&morbi=posuere&ut=cubilia&odio=curae&cras=donec&mi=pharetra&pede=magna&malesuada=vestibulum&in=aliquet&imperdiet=ultrices&et=erat&commodo=tortor&vulputate=sollicitudin&justo=mi&in=sit&blandit=amet&ultrices=lobortis&enim=sapien&lorem=sapien&ipsum=non&dolor=mi&sit=integer&amet=ac&consectetuer=neque&adipiscing=duis&elit=bibendum&proin=morbi&interdum=non&mauris=quam&non=nec&ligula=dui&pellentesque=luctus&ultrices=rutrum&phasellus=nulla&id=tellus&sapien=in&in=sagittis&sapien=dui&iaculis=vel&congue=nisl&vivamus=duis', 'https://facebook.com/eleifend/pede.js?vitae=id&consectetuer=nulla&eget=ultrices&rutrum=aliquet&at=maecenas&lorem=leo&integer=odio&tincidunt=condimentum&ante=id&vel=luctus&ipsum=nec&praesent=molestie&blandit=sed&lacinia=justo&erat=pellentesque&vestibulum=viverra&sed=pede&magna=ac&at=diam&nunc=cras&commodo=pellentesque&placerat=volutpat&praesent=dui&blandit=maecenas&nam=tristique&nulla=est&integer=et&pede=tempus&justo=semper&lacinia=est&eget=quam&tincidunt=pharetra&eget=magna&tempus=ac&vel=consequat&pede=metus&morbi=sapien&porttitor=ut&lorem=nunc&id=vestibulum&ligula=ante&suspendisse=ipsum&ornare=primis&consequat=in&lectus=faucibus&in=orci&est=luctus&risus=et&auctor=ultrices&sed=posuere&tristique=cubilia&in=curae&tempus=mauris&sit=viverra&amet=diam&sem=vitae&fusce=quam&consequat=suspendisse&nulla=potenti&nisl=nullam&nunc=porttitor&nisl=lacus&duis=at&bibendum=turpis&felis=donec&sed=posuere&interdum=metus&venenatis=vitae&turpis=ipsum&enim=aliquam&blandit=non&mi=mauris&in=morbi&porttitor=non&pede=lectus&justo=aliquam&eu=sit&massa=amet&donec=diam&dapibus=in&duis=magna');
insert into "Lesson" (id, course_id, name, stanza, sound) values (41, 6, 'lectus', 'http://parallels.com/luctus/cum/sociis/natoque.json?ridiculus=integer&mus=tincidunt&etiam=ante&vel=vel&augue=ipsum&vestibulum=praesent&rutrum=blandit&rutrum=lacinia&neque=erat&aenean=vestibulum&auctor=sed&gravida=magna&sem=at&praesent=nunc&id=commodo&massa=placerat&id=praesent&nisl=blandit&venenatis=nam&lacinia=nulla&aenean=integer&sit=pede&amet=justo&justo=lacinia&morbi=eget&ut=tincidunt&odio=eget&cras=tempus&mi=vel&pede=pede&malesuada=morbi&in=porttitor&imperdiet=lorem&et=id&commodo=ligula&vulputate=suspendisse&justo=ornare&in=consequat&blandit=lectus&ultrices=in&enim=est&lorem=risus&ipsum=auctor&dolor=sed', 'https://php.net/in/faucibus.jpg?et=sem&commodo=praesent&vulputate=id&justo=massa&in=id&blandit=nisl&ultrices=venenatis&enim=lacinia&lorem=aenean&ipsum=sit&dolor=amet&sit=justo&amet=morbi&consectetuer=ut&adipiscing=odio&elit=cras&proin=mi&interdum=pede&mauris=malesuada&non=in&ligula=imperdiet&pellentesque=et&ultrices=commodo&phasellus=vulputate&id=justo&sapien=in&in=blandit&sapien=ultrices&iaculis=enim&congue=lorem&vivamus=ipsum&metus=dolor&arcu=sit&adipiscing=amet&molestie=consectetuer&hendrerit=adipiscing&at=elit&vulputate=proin&vitae=interdum&nisl=mauris&aenean=non&lectus=ligula&pellentesque=pellentesque&eget=ultrices&nunc=phasellus&donec=id&quis=sapien&orci=in&eget=sapien&orci=iaculis&vehicula=congue&condimentum=vivamus&curabitur=metus&in=arcu&libero=adipiscing&ut=molestie&massa=hendrerit&volutpat=at&convallis=vulputate&morbi=vitae&odio=nisl&odio=aenean&elementum=lectus&eu=pellentesque&interdum=eget&eu=nunc');
insert into "Lesson" (id, course_id, name, stanza, sound) values (42, 8, 'in', 'https://instagram.com/neque/duis/bibendum/morbi.aspx?rhoncus=interdum&sed=in&vestibulum=ante', 'http://addtoany.com/orci.html?ipsum=donec&primis=diam&in=neque&faucibus=vestibulum&orci=eget&luctus=vulputate&et=ut&ultrices=ultrices&posuere=vel&cubilia=augue&curae=vestibulum&duis=ante&faucibus=ipsum&accumsan=primis&odio=in&curabitur=faucibus&convallis=orci&duis=luctus&consequat=et&dui=ultrices&nec=posuere&nisi=cubilia&volutpat=curae&eleifend=donec&donec=pharetra&ut=magna&dolor=vestibulum&morbi=aliquet&vel=ultrices&lectus=erat&in=tortor&quam=sollicitudin&fringilla=mi&rhoncus=sit&mauris=amet&enim=lobortis&leo=sapien&rhoncus=sapien&sed=non&vestibulum=mi&sit=integer&amet=ac&cursus=neque&id=duis&turpis=bibendum&integer=morbi&aliquet=non&massa=quam&id=nec&lobortis=dui&convallis=luctus&tortor=rutrum&risus=nulla');
insert into "Lesson" (id, course_id, name, stanza, sound) values (43, 8, 'sit', 'http://sina.com.cn/sed/accumsan/felis/ut/at/dolor.jsp?tortor=at&risus=dolor&dapibus=quis&augue=odio&vel=consequat&accumsan=varius&tellus=integer&nisi=ac&eu=leo&orci=pellentesque&mauris=ultrices&lacinia=mattis&sapien=odio&quis=donec&libero=vitae&nullam=nisi&sit=nam&amet=ultrices&turpis=libero&elementum=non&ligula=mattis&vehicula=pulvinar&consequat=nulla&morbi=pede&a=ullamcorper&ipsum=augue&integer=a&a=suscipit&nibh=nulla&in=elit&quis=ac&justo=nulla&maecenas=sed&rhoncus=vel&aliquam=enim&lacus=sit&morbi=amet&quis=nunc&tortor=viverra&id=dapibus&nulla=nulla&ultrices=suscipit&aliquet=ligula&maecenas=in&leo=lacus&odio=curabitur&condimentum=at&id=ipsum&luctus=ac&nec=tellus&molestie=semper&sed=interdum&justo=mauris&pellentesque=ullamcorper&viverra=purus', 'https://dropbox.com/nam/tristique/tortor.png?nulla=et&nunc=ultrices&purus=posuere&phasellus=cubilia&in=curae&felis=mauris&donec=viverra&semper=diam&sapien=vitae&a=quam&libero=suspendisse&nam=potenti&dui=nullam&proin=porttitor&leo=lacus&odio=at&porttitor=turpis&id=donec&consequat=posuere&in=metus&consequat=vitae&ut=ipsum&nulla=aliquam&sed=non&accumsan=mauris&felis=morbi&ut=non&at=lectus&dolor=aliquam&quis=sit&odio=amet&consequat=diam&varius=in&integer=magna&ac=bibendum&leo=imperdiet&pellentesque=nullam&ultrices=orci&mattis=pede&odio=venenatis&donec=non');
insert into "Lesson" (id, course_id, name, stanza, sound) values (44, 8, 'felis', 'http://europa.eu/et/tempus/semper/est.png?nulla=dui&neque=vel&libero=nisl&convallis=duis&eget=ac&eleifend=nibh&luctus=fusce&ultricies=lacus&eu=purus&nibh=aliquet&quisque=at&id=feugiat&justo=non&sit=pretium&amet=quis&sapien=lectus&dignissim=suspendisse&vestibulum=potenti&vestibulum=in&ante=eleifend&ipsum=quam&primis=a&in=odio&faucibus=in&orci=hac&luctus=habitasse&et=platea&ultrices=dictumst&posuere=maecenas&cubilia=ut&curae=massa&nulla=quis&dapibus=augue&dolor=luctus&vel=tincidunt&est=nulla&donec=mollis&odio=molestie&justo=lorem&sollicitudin=quisque&ut=ut&suscipit=erat&a=curabitur&feugiat=gravida&et=nisi&eros=at&vestibulum=nibh&ac=in&est=hac&lacinia=habitasse&nisi=platea&venenatis=dictumst&tristique=aliquam&fusce=augue&congue=quam&diam=sollicitudin&id=vitae&ornare=consectetuer&imperdiet=eget&sapien=rutrum&urna=at&pretium=lorem&nisl=integer&ut=tincidunt&volutpat=ante&sapien=vel&arcu=ipsum&sed=praesent&augue=blandit&aliquam=lacinia&erat=erat&volutpat=vestibulum', 'https://uiuc.edu/tortor/duis/mattis/egestas/metus/aenean/fermentum.xml?est=suspendisse&congue=accumsan&elementum=tortor&in=quis&hac=turpis&habitasse=sed&platea=ante&dictumst=vivamus&morbi=tortor&vestibulum=duis&velit=mattis&id=egestas&pretium=metus&iaculis=aenean&diam=fermentum&erat=donec&fermentum=ut&justo=mauris&nec=eget&condimentum=massa&neque=tempor&sapien=convallis&placerat=nulla&ante=neque&nulla=libero&justo=convallis&aliquam=eget&quis=eleifend&turpis=luctus&eget=ultricies&elit=eu&sodales=nibh&scelerisque=quisque&mauris=id&sit=justo&amet=sit&eros=amet&suspendisse=sapien&accumsan=dignissim&tortor=vestibulum&quis=vestibulum&turpis=ante&sed=ipsum&ante=primis&vivamus=in&tortor=faucibus&duis=orci&mattis=luctus&egestas=et&metus=ultrices&aenean=posuere&fermentum=cubilia&donec=curae&ut=nulla&mauris=dapibus&eget=dolor&massa=vel&tempor=est&convallis=donec&nulla=odio&neque=justo&libero=sollicitudin&convallis=ut&eget=suscipit&eleifend=a&luctus=feugiat&ultricies=et&eu=eros&nibh=vestibulum&quisque=ac&id=est&justo=lacinia&sit=nisi&amet=venenatis&sapien=tristique&dignissim=fusce&vestibulum=congue&vestibulum=diam&ante=id&ipsum=ornare&primis=imperdiet&in=sapien&faucibus=urna&orci=pretium&luctus=nisl&et=ut&ultrices=volutpat&posuere=sapien&cubilia=arcu&curae=sed');
insert into "Lesson" (id, course_id, name, stanza, sound) values (45, 6, 'ligula', 'http://dell.com/ut/at/dolor/quis/odio/consequat/varius.aspx?lobortis=quam&est=a&phasellus=odio&sit=in&amet=hac&erat=habitasse&nulla=platea&tempus=dictumst&vivamus=maecenas&in=ut&felis=massa&eu=quis&sapien=augue&cursus=luctus&vestibulum=tincidunt&proin=nulla&eu=mollis&mi=molestie&nulla=lorem&ac=quisque&enim=ut&in=erat&tempor=curabitur&turpis=gravida&nec=nisi&euismod=at&scelerisque=nibh&quam=in&turpis=hac&adipiscing=habitasse&lorem=platea&vitae=dictumst&mattis=aliquam&nibh=augue&ligula=quam&nec=sollicitudin', 'https://storify.com/ut/mauris/eget/massa/tempor/convallis/nulla.html?montes=congue&nascetur=diam&ridiculus=id&mus=ornare&etiam=imperdiet&vel=sapien&augue=urna&vestibulum=pretium&rutrum=nisl&rutrum=ut&neque=volutpat&aenean=sapien&auctor=arcu&gravida=sed&sem=augue&praesent=aliquam&id=erat&massa=volutpat&id=in&nisl=congue&venenatis=etiam&lacinia=justo&aenean=etiam&sit=pretium&amet=iaculis&justo=justo&morbi=in&ut=hac&odio=habitasse&cras=platea&mi=dictumst&pede=etiam&malesuada=faucibus&in=cursus&imperdiet=urna&et=ut&commodo=tellus&vulputate=nulla&justo=ut&in=erat&blandit=id&ultrices=mauris&enim=vulputate&lorem=elementum&ipsum=nullam&dolor=varius&sit=nulla&amet=facilisi&consectetuer=cras&adipiscing=non&elit=velit&proin=nec&interdum=nisi&mauris=vulputate&non=nonummy&ligula=maecenas&pellentesque=tincidunt&ultrices=lacus&phasellus=at&id=velit&sapien=vivamus&in=vel&sapien=nulla&iaculis=eget&congue=eros&vivamus=elementum&metus=pellentesque&arcu=quisque&adipiscing=porta&molestie=volutpat&hendrerit=erat&at=quisque&vulputate=erat&vitae=eros&nisl=viverra&aenean=eget&lectus=congue&pellentesque=eget&eget=semper&nunc=rutrum&donec=nulla&quis=nunc&orci=purus&eget=phasellus&orci=in&vehicula=felis&condimentum=donec&curabitur=semper&in=sapien&libero=a');
insert into "Lesson" (id, course_id, name, stanza, sound) values (46, 6, 'odio', 'https://ucla.edu/pretium/quis/lectus.png?rutrum=faucibus&at=orci&lorem=luctus&integer=et&tincidunt=ultrices&ante=posuere&vel=cubilia&ipsum=curae&praesent=donec&blandit=pharetra&lacinia=magna&erat=vestibulum&vestibulum=aliquet&sed=ultrices&magna=erat&at=tortor&nunc=sollicitudin&commodo=mi&placerat=sit&praesent=amet&blandit=lobortis&nam=sapien&nulla=sapien&integer=non&pede=mi&justo=integer&lacinia=ac&eget=neque&tincidunt=duis&eget=bibendum&tempus=morbi&vel=non&pede=quam&morbi=nec&porttitor=dui&lorem=luctus&id=rutrum&ligula=nulla&suspendisse=tellus&ornare=in&consequat=sagittis&lectus=dui&in=vel&est=nisl&risus=duis&auctor=ac&sed=nibh&tristique=fusce&in=lacus&tempus=purus&sit=aliquet&amet=at&sem=feugiat&fusce=non&consequat=pretium&nulla=quis&nisl=lectus&nunc=suspendisse&nisl=potenti&duis=in&bibendum=eleifend&felis=quam&sed=a&interdum=odio&venenatis=in', 'https://unblog.fr/sodales.html?ultrices=sit&erat=amet&tortor=consectetuer&sollicitudin=adipiscing&mi=elit&sit=proin&amet=risus&lobortis=praesent&sapien=lectus&sapien=vestibulum&non=quam&mi=sapien&integer=varius&ac=ut&neque=blandit&duis=non&bibendum=interdum&morbi=in&non=ante&quam=vestibulum&nec=ante&dui=ipsum&luctus=primis&rutrum=in&nulla=faucibus&tellus=orci&in=luctus&sagittis=et&dui=ultrices&vel=posuere&nisl=cubilia&duis=curae&ac=duis&nibh=faucibus&fusce=accumsan&lacus=odio&purus=curabitur&aliquet=convallis&at=duis&feugiat=consequat&non=dui&pretium=nec&quis=nisi&lectus=volutpat&suspendisse=eleifend&potenti=donec&in=ut&eleifend=dolor&quam=morbi&a=vel&odio=lectus&in=in&hac=quam&habitasse=fringilla&platea=rhoncus');
insert into "Lesson" (id, course_id, name, stanza, sound) values (47, 5, 'suscipit', 'https://google.ca/duis/aliquam/convallis/nunc.xml?orci=neque&luctus=vestibulum&et=eget&ultrices=vulputate&posuere=ut&cubilia=ultrices&curae=vel&donec=augue', 'https://nydailynews.com/sagittis/sapien/cum.jpg?ipsum=nisl&primis=nunc&in=rhoncus&faucibus=dui&orci=vel&luctus=sem&et=sed&ultrices=sagittis&posuere=nam&cubilia=congue&curae=risus&duis=semper&faucibus=porta&accumsan=volutpat&odio=quam&curabitur=pede&convallis=lobortis&duis=ligula&consequat=sit&dui=amet&nec=eleifend&nisi=pede&volutpat=libero&eleifend=quis&donec=orci&ut=nullam&dolor=molestie&morbi=nibh&vel=in&lectus=lectus&in=pellentesque&quam=at&fringilla=nulla&rhoncus=suspendisse&mauris=potenti&enim=cras&leo=in&rhoncus=purus&sed=eu&vestibulum=magna&sit=vulputate&amet=luctus&cursus=cum&id=sociis&turpis=natoque&integer=penatibus&aliquet=et&massa=magnis&id=dis&lobortis=parturient&convallis=montes&tortor=nascetur&risus=ridiculus&dapibus=mus&augue=vivamus&vel=vestibulum&accumsan=sagittis&tellus=sapien&nisi=cum&eu=sociis&orci=natoque&mauris=penatibus&lacinia=et&sapien=magnis&quis=dis&libero=parturient&nullam=montes&sit=nascetur&amet=ridiculus&turpis=mus&elementum=etiam');
insert into "Lesson" (id, course_id, name, stanza, sound) values (48, 5, 'lorem', 'https://amazon.de/nec/molestie/sed/justo/pellentesque/viverra.xml?molestie=elementum&lorem=ligula&quisque=vehicula&ut=consequat&erat=morbi&curabitur=a&gravida=ipsum&nisi=integer&at=a&nibh=nibh&in=in&hac=quis&habitasse=justo&platea=maecenas&dictumst=rhoncus&aliquam=aliquam&augue=lacus&quam=morbi&sollicitudin=quis&vitae=tortor&consectetuer=id&eget=nulla&rutrum=ultrices&at=aliquet&lorem=maecenas&integer=leo&tincidunt=odio&ante=condimentum&vel=id&ipsum=luctus&praesent=nec&blandit=molestie&lacinia=sed&erat=justo&vestibulum=pellentesque&sed=viverra&magna=pede&at=ac&nunc=diam&commodo=cras&placerat=pellentesque&praesent=volutpat&blandit=dui&nam=maecenas&nulla=tristique&integer=est&pede=et&justo=tempus&lacinia=semper&eget=est&tincidunt=quam&eget=pharetra&tempus=magna&vel=ac&pede=consequat&morbi=metus&porttitor=sapien&lorem=ut&id=nunc&ligula=vestibulum&suspendisse=ante&ornare=ipsum&consequat=primis&lectus=in&in=faucibus&est=orci&risus=luctus&auctor=et&sed=ultrices&tristique=posuere&in=cubilia&tempus=curae&sit=mauris&amet=viverra&sem=diam&fusce=vitae&consequat=quam', 'http://yellowbook.com/dui.json?integer=donec&pede=odio&justo=justo&lacinia=sollicitudin&eget=ut&tincidunt=suscipit&eget=a&tempus=feugiat&vel=et&pede=eros&morbi=vestibulum&porttitor=ac&lorem=est&id=lacinia&ligula=nisi&suspendisse=venenatis&ornare=tristique&consequat=fusce&lectus=congue&in=diam&est=id');
insert into "Lesson" (id, course_id, name, stanza, sound) values (49, 3, 'non', 'https://fema.gov/lacus/at/turpis/donec.jsp?accumsan=duis&felis=mattis&ut=egestas&at=metus&dolor=aenean&quis=fermentum&odio=donec&consequat=ut&varius=mauris&integer=eget&ac=massa&leo=tempor&pellentesque=convallis&ultrices=nulla&mattis=neque&odio=libero&donec=convallis&vitae=eget&nisi=eleifend&nam=luctus&ultrices=ultricies&libero=eu&non=nibh&mattis=quisque&pulvinar=id&nulla=justo&pede=sit&ullamcorper=amet&augue=sapien&a=dignissim&suscipit=vestibulum&nulla=vestibulum&elit=ante&ac=ipsum', 'http://time.com/dolor/vel/est/donec.png?nullam=lacus&varius=at&nulla=velit&facilisi=vivamus&cras=vel&non=nulla&velit=eget&nec=eros&nisi=elementum&vulputate=pellentesque&nonummy=quisque&maecenas=porta&tincidunt=volutpat&lacus=erat&at=quisque&velit=erat&vivamus=eros&vel=viverra&nulla=eget&eget=congue&eros=eget&elementum=semper&pellentesque=rutrum&quisque=nulla&porta=nunc&volutpat=purus&erat=phasellus&quisque=in&erat=felis&eros=donec&viverra=semper&eget=sapien&congue=a&eget=libero&semper=nam&rutrum=dui&nulla=proin&nunc=leo&purus=odio&phasellus=porttitor&in=id&felis=consequat&donec=in&semper=consequat&sapien=ut&a=nulla&libero=sed&nam=accumsan&dui=felis&proin=ut&leo=at&odio=dolor&porttitor=quis&id=odio&consequat=consequat&in=varius&consequat=integer&ut=ac&nulla=leo&sed=pellentesque&accumsan=ultrices&felis=mattis&ut=odio&at=donec&dolor=vitae&quis=nisi&odio=nam&consequat=ultrices&varius=libero&integer=non&ac=mattis&leo=pulvinar&pellentesque=nulla&ultrices=pede&mattis=ullamcorper&odio=augue&donec=a&vitae=suscipit');
insert into "Lesson" (id, course_id, name, stanza, sound) values (50, 6, 'curae', 'http://sciencedirect.com/enim/lorem/ipsum/dolor/sit/amet/consectetuer.jsp?auctor=nisi&gravida=venenatis&sem=tristique&praesent=fusce&id=congue&massa=diam&id=id&nisl=ornare&venenatis=imperdiet&lacinia=sapien&aenean=urna&sit=pretium&amet=nisl&justo=ut&morbi=volutpat&ut=sapien&odio=arcu&cras=sed&mi=augue&pede=aliquam&malesuada=erat&in=volutpat&imperdiet=in&et=congue&commodo=etiam&vulputate=justo&justo=etiam&in=pretium&blandit=iaculis&ultrices=justo&enim=in&lorem=hac&ipsum=habitasse&dolor=platea&sit=dictumst&amet=etiam&consectetuer=faucibus&adipiscing=cursus&elit=urna&proin=ut&interdum=tellus&mauris=nulla&non=ut&ligula=erat&pellentesque=id&ultrices=mauris&phasellus=vulputate&id=elementum&sapien=nullam&in=varius&sapien=nulla&iaculis=facilisi&congue=cras&vivamus=non&metus=velit&arcu=nec&adipiscing=nisi&molestie=vulputate&hendrerit=nonummy&at=maecenas&vulputate=tincidunt&vitae=lacus&nisl=at&aenean=velit&lectus=vivamus&pellentesque=vel&eget=nulla&nunc=eget&donec=eros&quis=elementum&orci=pellentesque&eget=quisque&orci=porta&vehicula=volutpat&condimentum=erat&curabitur=quisque&in=erat&libero=eros&ut=viverra&massa=eget&volutpat=congue&convallis=eget&morbi=semper&odio=rutrum&odio=nulla&elementum=nunc', 'http://zdnet.com/purus/eu/magna/vulputate/luctus/cum/sociis.aspx?maecenas=eleifend&leo=donec&odio=ut&condimentum=dolor&id=morbi&luctus=vel&nec=lectus&molestie=in&sed=quam&justo=fringilla&pellentesque=rhoncus&viverra=mauris&pede=enim&ac=leo&diam=rhoncus&cras=sed&pellentesque=vestibulum&volutpat=sit&dui=amet&maecenas=cursus&tristique=id&est=turpis&et=integer&tempus=aliquet&semper=massa&est=id&quam=lobortis&pharetra=convallis&magna=tortor&ac=risus&consequat=dapibus&metus=augue&sapien=vel&ut=accumsan&nunc=tellus&vestibulum=nisi&ante=eu&ipsum=orci&primis=mauris&in=lacinia&faucibus=sapien&orci=quis&luctus=libero&et=nullam&ultrices=sit&posuere=amet&cubilia=turpis&curae=elementum&mauris=ligula&viverra=vehicula&diam=consequat&vitae=morbi&quam=a&suspendisse=ipsum&potenti=integer&nullam=a&porttitor=nibh&lacus=in&at=quis&turpis=justo&donec=maecenas&posuere=rhoncus&metus=aliquam&vitae=lacus&ipsum=morbi&aliquam=quis&non=tortor&mauris=id&morbi=nulla&non=ultrices&lectus=aliquet&aliquam=maecenas&sit=leo&amet=odio&diam=condimentum&in=id&magna=luctus&bibendum=nec&imperdiet=molestie&nullam=sed&orci=justo&pede=pellentesque&venenatis=viverra&non=pede&sodales=ac&sed=diam&tincidunt=cras&eu=pellentesque');
insert into "Lesson" (id, course_id, name, stanza, sound) values (51, 2, 'blandit', 'https://netscape.com/eu/massa/donec/dapibus/duis.jpg?in=bibendum&sagittis=imperdiet&dui=nullam&vel=orci&nisl=pede&duis=venenatis&ac=non&nibh=sodales&fusce=sed&lacus=tincidunt&purus=eu&aliquet=felis&at=fusce&feugiat=posuere&non=felis&pretium=sed&quis=lacus&lectus=morbi&suspendisse=sem&potenti=mauris&in=laoreet&eleifend=ut&quam=rhoncus&a=aliquet&odio=pulvinar&in=sed&hac=nisl&habitasse=nunc&platea=rhoncus&dictumst=dui&maecenas=vel&ut=sem&massa=sed&quis=sagittis&augue=nam&luctus=congue&tincidunt=risus&nulla=semper&mollis=porta&molestie=volutpat&lorem=quam&quisque=pede&ut=lobortis', 'https://csmonitor.com/odio/porttitor/id/consequat/in/consequat.jpg?imperdiet=vestibulum&nullam=vestibulum&orci=ante&pede=ipsum&venenatis=primis&non=in&sodales=faucibus&sed=orci&tincidunt=luctus&eu=et&felis=ultrices&fusce=posuere&posuere=cubilia&felis=curae&sed=nulla&lacus=dapibus&morbi=dolor&sem=vel&mauris=est&laoreet=donec&ut=odio&rhoncus=justo&aliquet=sollicitudin&pulvinar=ut&sed=suscipit&nisl=a&nunc=feugiat&rhoncus=et&dui=eros&vel=vestibulum&sem=ac&sed=est&sagittis=lacinia&nam=nisi&congue=venenatis&risus=tristique&semper=fusce&porta=congue&volutpat=diam&quam=id&pede=ornare&lobortis=imperdiet&ligula=sapien&sit=urna&amet=pretium&eleifend=nisl&pede=ut&libero=volutpat&quis=sapien&orci=arcu&nullam=sed&molestie=augue&nibh=aliquam&in=erat&lectus=volutpat&pellentesque=in&at=congue&nulla=etiam&suspendisse=justo&potenti=etiam&cras=pretium&in=iaculis&purus=justo&eu=in&magna=hac&vulputate=habitasse&luctus=platea&cum=dictumst&sociis=etiam&natoque=faucibus&penatibus=cursus&et=urna&magnis=ut&dis=tellus&parturient=nulla&montes=ut&nascetur=erat&ridiculus=id&mus=mauris&vivamus=vulputate&vestibulum=elementum&sagittis=nullam&sapien=varius&cum=nulla&sociis=facilisi&natoque=cras&penatibus=non&et=velit&magnis=nec');
insert into "Lesson" (id, course_id, name, stanza, sound) values (52, 4, 'maecenas', 'https://spotify.com/vitae/nisi/nam/ultrices/libero/non.aspx?a=egestas&pede=metus&posuere=aenean&nonummy=fermentum&integer=donec&non=ut&velit=mauris&donec=eget&diam=massa&neque=tempor&vestibulum=convallis&eget=nulla&vulputate=neque&ut=libero&ultrices=convallis&vel=eget&augue=eleifend&vestibulum=luctus&ante=ultricies&ipsum=eu&primis=nibh&in=quisque&faucibus=id&orci=justo&luctus=sit&et=amet&ultrices=sapien&posuere=dignissim&cubilia=vestibulum&curae=vestibulum&donec=ante&pharetra=ipsum&magna=primis&vestibulum=in&aliquet=faucibus&ultrices=orci&erat=luctus&tortor=et&sollicitudin=ultrices&mi=posuere&sit=cubilia&amet=curae&lobortis=nulla&sapien=dapibus&sapien=dolor&non=vel&mi=est&integer=donec&ac=odio&neque=justo&duis=sollicitudin&bibendum=ut&morbi=suscipit&non=a&quam=feugiat&nec=et&dui=eros&luctus=vestibulum&rutrum=ac&nulla=est&tellus=lacinia&in=nisi&sagittis=venenatis', 'https://nps.gov/mauris/lacinia/sapien/quis/libero.jsp?pretium=hac&iaculis=habitasse&diam=platea&erat=dictumst&fermentum=aliquam&justo=augue&nec=quam&condimentum=sollicitudin&neque=vitae&sapien=consectetuer&placerat=eget&ante=rutrum&nulla=at&justo=lorem&aliquam=integer&quis=tincidunt&turpis=ante&eget=vel&elit=ipsum&sodales=praesent&scelerisque=blandit&mauris=lacinia&sit=erat&amet=vestibulum&eros=sed&suspendisse=magna&accumsan=at&tortor=nunc&quis=commodo&turpis=placerat&sed=praesent&ante=blandit&vivamus=nam&tortor=nulla&duis=integer&mattis=pede&egestas=justo&metus=lacinia&aenean=eget&fermentum=tincidunt&donec=eget&ut=tempus&mauris=vel&eget=pede&massa=morbi&tempor=porttitor&convallis=lorem&nulla=id&neque=ligula&libero=suspendisse&convallis=ornare&eget=consequat&eleifend=lectus&luctus=in&ultricies=est&eu=risus&nibh=auctor&quisque=sed&id=tristique&justo=in&sit=tempus&amet=sit&sapien=amet&dignissim=sem&vestibulum=fusce&vestibulum=consequat&ante=nulla&ipsum=nisl&primis=nunc&in=nisl&faucibus=duis&orci=bibendum&luctus=felis');
insert into "Lesson" (id, course_id, name, stanza, sound) values (53, 9, 'id', 'http://nydailynews.com/eros/elementum/pellentesque/quisque.json?non=elit&mauris=proin&morbi=risus&non=praesent&lectus=lectus&aliquam=vestibulum&sit=quam&amet=sapien&diam=varius&in=ut&magna=blandit&bibendum=non&imperdiet=interdum&nullam=in&orci=ante&pede=vestibulum&venenatis=ante&non=ipsum&sodales=primis&sed=in&tincidunt=faucibus&eu=orci&felis=luctus&fusce=et&posuere=ultrices&felis=posuere&sed=cubilia&lacus=curae&morbi=duis&sem=faucibus&mauris=accumsan&laoreet=odio&ut=curabitur&rhoncus=convallis&aliquet=duis&pulvinar=consequat&sed=dui&nisl=nec&nunc=nisi&rhoncus=volutpat&dui=eleifend&vel=donec&sem=ut&sed=dolor&sagittis=morbi&nam=vel&congue=lectus&risus=in&semper=quam&porta=fringilla', 'http://un.org/vestibulum/rutrum.aspx?tempor=erat&turpis=curabitur&nec=gravida&euismod=nisi&scelerisque=at&quam=nibh&turpis=in&adipiscing=hac&lorem=habitasse&vitae=platea&mattis=dictumst&nibh=aliquam&ligula=augue&nec=quam&sem=sollicitudin&duis=vitae&aliquam=consectetuer&convallis=eget&nunc=rutrum&proin=at&at=lorem&turpis=integer&a=tincidunt&pede=ante&posuere=vel&nonummy=ipsum&integer=praesent&non=blandit&velit=lacinia&donec=erat&diam=vestibulum&neque=sed&vestibulum=magna&eget=at&vulputate=nunc&ut=commodo&ultrices=placerat&vel=praesent&augue=blandit&vestibulum=nam&ante=nulla&ipsum=integer&primis=pede&in=justo&faucibus=lacinia&orci=eget&luctus=tincidunt&et=eget&ultrices=tempus&posuere=vel&cubilia=pede&curae=morbi&donec=porttitor&pharetra=lorem&magna=id&vestibulum=ligula&aliquet=suspendisse&ultrices=ornare&erat=consequat&tortor=lectus');
insert into "Lesson" (id, course_id, name, stanza, sound) values (54, 7, 'mauris', 'https://cloudflare.com/habitasse/platea/dictumst/aliquam/augue.js?sem=donec&mauris=ut&laoreet=mauris&ut=eget&rhoncus=massa&aliquet=tempor&pulvinar=convallis&sed=nulla&nisl=neque&nunc=libero&rhoncus=convallis&dui=eget&vel=eleifend&sem=luctus&sed=ultricies&sagittis=eu&nam=nibh&congue=quisque&risus=id&semper=justo', 'http://fc2.com/nulla/suscipit/ligula.jsp?id=duis&lobortis=bibendum&convallis=felis&tortor=sed&risus=interdum&dapibus=venenatis&augue=turpis');
insert into "Lesson" (id, course_id, name, stanza, sound) values (55, 2, 'leo', 'http://mozilla.org/maecenas.json?enim=posuere&leo=cubilia&rhoncus=curae&sed=nulla&vestibulum=dapibus&sit=dolor&amet=vel&cursus=est&id=donec&turpis=odio&integer=justo&aliquet=sollicitudin&massa=ut&id=suscipit&lobortis=a&convallis=feugiat&tortor=et&risus=eros&dapibus=vestibulum&augue=ac&vel=est&accumsan=lacinia&tellus=nisi&nisi=venenatis&eu=tristique&orci=fusce&mauris=congue&lacinia=diam&sapien=id&quis=ornare&libero=imperdiet&nullam=sapien&sit=urna&amet=pretium&turpis=nisl&elementum=ut&ligula=volutpat&vehicula=sapien&consequat=arcu&morbi=sed&a=augue&ipsum=aliquam&integer=erat&a=volutpat&nibh=in&in=congue&quis=etiam&justo=justo&maecenas=etiam&rhoncus=pretium&aliquam=iaculis&lacus=justo&morbi=in&quis=hac&tortor=habitasse&id=platea&nulla=dictumst&ultrices=etiam&aliquet=faucibus&maecenas=cursus&leo=urna&odio=ut', 'https://dmoz.org/magna.aspx?posuere=hendrerit&cubilia=at&curae=vulputate&duis=vitae&faucibus=nisl&accumsan=aenean&odio=lectus&curabitur=pellentesque&convallis=eget&duis=nunc&consequat=donec&dui=quis&nec=orci&nisi=eget&volutpat=orci&eleifend=vehicula&donec=condimentum&ut=curabitur&dolor=in&morbi=libero&vel=ut&lectus=massa&in=volutpat&quam=convallis&fringilla=morbi&rhoncus=odio&mauris=odio&enim=elementum&leo=eu&rhoncus=interdum&sed=eu&vestibulum=tincidunt&sit=in&amet=leo&cursus=maecenas&id=pulvinar&turpis=lobortis&integer=est&aliquet=phasellus&massa=sit&id=amet&lobortis=erat&convallis=nulla&tortor=tempus&risus=vivamus&dapibus=in&augue=felis&vel=eu&accumsan=sapien&tellus=cursus&nisi=vestibulum&eu=proin&orci=eu&mauris=mi&lacinia=nulla&sapien=ac&quis=enim&libero=in&nullam=tempor&sit=turpis&amet=nec&turpis=euismod&elementum=scelerisque&ligula=quam&vehicula=turpis&consequat=adipiscing&morbi=lorem&a=vitae&ipsum=mattis&integer=nibh&a=ligula&nibh=nec');
insert into "Lesson" (id, course_id, name, stanza, sound) values (56, 10, 'ipsum', 'https://ihg.com/convallis/morbi/odio.jsp?rutrum=vestibulum&nulla=vestibulum&nunc=ante&purus=ipsum&phasellus=primis&in=in&felis=faucibus&donec=orci&semper=luctus&sapien=et&a=ultrices&libero=posuere&nam=cubilia&dui=curae&proin=nulla&leo=dapibus&odio=dolor', 'https://pagesperso-orange.fr/augue.jsp?nisi=at&eu=dolor&orci=quis&mauris=odio&lacinia=consequat&sapien=varius&quis=integer&libero=ac&nullam=leo&sit=pellentesque&amet=ultrices&turpis=mattis&elementum=odio&ligula=donec&vehicula=vitae&consequat=nisi&morbi=nam&a=ultrices&ipsum=libero&integer=non&a=mattis&nibh=pulvinar&in=nulla&quis=pede&justo=ullamcorper&maecenas=augue&rhoncus=a&aliquam=suscipit&lacus=nulla&morbi=elit&quis=ac&tortor=nulla&id=sed&nulla=vel');
insert into "Lesson" (id, course_id, name, stanza, sound) values (57, 7, 'odio', 'https://buzzfeed.com/erat/eros/viverra/eget/congue/eget/semper.aspx?eu=amet&magna=sapien&vulputate=dignissim&luctus=vestibulum&cum=vestibulum&sociis=ante&natoque=ipsum&penatibus=primis&et=in&magnis=faucibus&dis=orci&parturient=luctus&montes=et&nascetur=ultrices&ridiculus=posuere&mus=cubilia&vivamus=curae&vestibulum=nulla&sagittis=dapibus&sapien=dolor&cum=vel&sociis=est&natoque=donec&penatibus=odio&et=justo&magnis=sollicitudin&dis=ut&parturient=suscipit&montes=a&nascetur=feugiat&ridiculus=et&mus=eros&etiam=vestibulum&vel=ac&augue=est&vestibulum=lacinia&rutrum=nisi&rutrum=venenatis&neque=tristique&aenean=fusce&auctor=congue&gravida=diam&sem=id&praesent=ornare&id=imperdiet&massa=sapien&id=urna&nisl=pretium&venenatis=nisl&lacinia=ut&aenean=volutpat&sit=sapien&amet=arcu&justo=sed&morbi=augue&ut=aliquam&odio=erat&cras=volutpat&mi=in&pede=congue&malesuada=etiam&in=justo&imperdiet=etiam&et=pretium&commodo=iaculis&vulputate=justo&justo=in&in=hac&blandit=habitasse&ultrices=platea&enim=dictumst&lorem=etiam&ipsum=faucibus&dolor=cursus&sit=urna&amet=ut&consectetuer=tellus&adipiscing=nulla&elit=ut&proin=erat&interdum=id&mauris=mauris&non=vulputate&ligula=elementum', 'https://so-net.ne.jp/vel/augue/vestibulum/rutrum.jsp?nunc=lorem&donec=quisque&quis=ut&orci=erat&eget=curabitur&orci=gravida&vehicula=nisi&condimentum=at&curabitur=nibh&in=in&libero=hac&ut=habitasse&massa=platea&volutpat=dictumst&convallis=aliquam&morbi=augue&odio=quam&odio=sollicitudin&elementum=vitae&eu=consectetuer&interdum=eget&eu=rutrum&tincidunt=at&in=lorem&leo=integer&maecenas=tincidunt&pulvinar=ante&lobortis=vel&est=ipsum&phasellus=praesent&sit=blandit&amet=lacinia&erat=erat&nulla=vestibulum&tempus=sed&vivamus=magna&in=at&felis=nunc&eu=commodo&sapien=placerat&cursus=praesent&vestibulum=blandit&proin=nam&eu=nulla&mi=integer&nulla=pede&ac=justo&enim=lacinia&in=eget&tempor=tincidunt&turpis=eget&nec=tempus&euismod=vel&scelerisque=pede&quam=morbi&turpis=porttitor&adipiscing=lorem&lorem=id&vitae=ligula&mattis=suspendisse&nibh=ornare&ligula=consequat&nec=lectus&sem=in&duis=est&aliquam=risus&convallis=auctor&nunc=sed&proin=tristique&at=in&turpis=tempus&a=sit&pede=amet&posuere=sem&nonummy=fusce&integer=consequat&non=nulla&velit=nisl&donec=nunc&diam=nisl&neque=duis&vestibulum=bibendum&eget=felis&vulputate=sed&ut=interdum&ultrices=venenatis&vel=turpis&augue=enim&vestibulum=blandit&ante=mi');
insert into "Lesson" (id, course_id, name, stanza, sound) values (58, 7, 'justo', 'https://salon.com/nibh.png?pede=morbi&ac=sem&diam=mauris&cras=laoreet&pellentesque=ut&volutpat=rhoncus&dui=aliquet&maecenas=pulvinar&tristique=sed&est=nisl&et=nunc&tempus=rhoncus&semper=dui&est=vel&quam=sem&pharetra=sed&magna=sagittis&ac=nam&consequat=congue&metus=risus&sapien=semper&ut=porta&nunc=volutpat&vestibulum=quam&ante=pede&ipsum=lobortis&primis=ligula&in=sit&faucibus=amet&orci=eleifend&luctus=pede&et=libero&ultrices=quis&posuere=orci&cubilia=nullam&curae=molestie&mauris=nibh&viverra=in&diam=lectus&vitae=pellentesque&quam=at&suspendisse=nulla&potenti=suspendisse&nullam=potenti&porttitor=cras&lacus=in&at=purus&turpis=eu&donec=magna&posuere=vulputate&metus=luctus&vitae=cum&ipsum=sociis&aliquam=natoque&non=penatibus&mauris=et&morbi=magnis&non=dis&lectus=parturient&aliquam=montes&sit=nascetur&amet=ridiculus&diam=mus&in=vivamus&magna=vestibulum&bibendum=sagittis', 'https://soundcloud.com/tristique/fusce/congue/diam/id.html?in=vestibulum&porttitor=aliquet&pede=ultrices&justo=erat&eu=tortor&massa=sollicitudin&donec=mi&dapibus=sit&duis=amet&at=lobortis&velit=sapien&eu=sapien&est=non&congue=mi&elementum=integer&in=ac&hac=neque&habitasse=duis&platea=bibendum&dictumst=morbi&morbi=non&vestibulum=quam&velit=nec&id=dui&pretium=luctus&iaculis=rutrum&diam=nulla&erat=tellus&fermentum=in&justo=sagittis');
insert into "Lesson" (id, course_id, name, stanza, sound) values (59, 6, 'blandit', 'https://fotki.com/elit/sodales/scelerisque/mauris.json?sed=lacinia&augue=eget&aliquam=tincidunt&erat=eget&volutpat=tempus&in=vel&congue=pede&etiam=morbi&justo=porttitor&etiam=lorem&pretium=id&iaculis=ligula&justo=suspendisse&in=ornare&hac=consequat&habitasse=lectus&platea=in&dictumst=est&etiam=risus&faucibus=auctor&cursus=sed&urna=tristique&ut=in&tellus=tempus&nulla=sit&ut=amet&erat=sem&id=fusce&mauris=consequat&vulputate=nulla', 'http://wufoo.com/porttitor/id/consequat.js?nulla=ligula&eget=suspendisse&eros=ornare&elementum=consequat&pellentesque=lectus&quisque=in&porta=est&volutpat=risus&erat=auctor&quisque=sed&erat=tristique&eros=in&viverra=tempus&eget=sit&congue=amet&eget=sem&semper=fusce&rutrum=consequat&nulla=nulla&nunc=nisl&purus=nunc&phasellus=nisl&in=duis&felis=bibendum&donec=felis&semper=sed&sapien=interdum&a=venenatis&libero=turpis&nam=enim&dui=blandit&proin=mi&leo=in&odio=porttitor&porttitor=pede&id=justo&consequat=eu&in=massa&consequat=donec&ut=dapibus&nulla=duis&sed=at&accumsan=velit&felis=eu&ut=est&at=congue&dolor=elementum&quis=in&odio=hac&consequat=habitasse&varius=platea&integer=dictumst&ac=morbi&leo=vestibulum&pellentesque=velit&ultrices=id&mattis=pretium&odio=iaculis&donec=diam&vitae=erat&nisi=fermentum&nam=justo&ultrices=nec&libero=condimentum&non=neque&mattis=sapien&pulvinar=placerat&nulla=ante&pede=nulla&ullamcorper=justo&augue=aliquam&a=quis&suscipit=turpis&nulla=eget&elit=elit&ac=sodales&nulla=scelerisque&sed=mauris');
insert into "Lesson" (id, course_id, name, stanza, sound) values (60, 2, 'nulla', 'https://businessweek.com/at/lorem/integer.aspx?pretium=volutpat&iaculis=sapien&justo=arcu&in=sed&hac=augue&habitasse=aliquam&platea=erat&dictumst=volutpat&etiam=in&faucibus=congue&cursus=etiam&urna=justo&ut=etiam&tellus=pretium&nulla=iaculis&ut=justo&erat=in&id=hac&mauris=habitasse&vulputate=platea&elementum=dictumst&nullam=etiam&varius=faucibus&nulla=cursus&facilisi=urna&cras=ut&non=tellus&velit=nulla&nec=ut&nisi=erat&vulputate=id&nonummy=mauris&maecenas=vulputate&tincidunt=elementum&lacus=nullam&at=varius&velit=nulla&vivamus=facilisi&vel=cras&nulla=non&eget=velit&eros=nec&elementum=nisi&pellentesque=vulputate&quisque=nonummy&porta=maecenas&volutpat=tincidunt&erat=lacus&quisque=at&erat=velit&eros=vivamus&viverra=vel&eget=nulla&congue=eget&eget=eros&semper=elementum&rutrum=pellentesque&nulla=quisque', 'http://example.com/et/ultrices.js?sapien=commodo&cum=vulputate&sociis=justo&natoque=in&penatibus=blandit&et=ultrices&magnis=enim&dis=lorem&parturient=ipsum&montes=dolor&nascetur=sit&ridiculus=amet');
insert into "Lesson" (id, course_id, name, stanza, sound) values (61, 8, 'dapibus', 'https://acquirethisname.com/nulla.png?nunc=dictumst&commodo=etiam&placerat=faucibus&praesent=cursus&blandit=urna&nam=ut&nulla=tellus&integer=nulla&pede=ut&justo=erat&lacinia=id&eget=mauris&tincidunt=vulputate&eget=elementum&tempus=nullam&vel=varius&pede=nulla&morbi=facilisi&porttitor=cras&lorem=non&id=velit&ligula=nec&suspendisse=nisi&ornare=vulputate&consequat=nonummy&lectus=maecenas&in=tincidunt&est=lacus&risus=at&auctor=velit&sed=vivamus&tristique=vel&in=nulla&tempus=eget&sit=eros&amet=elementum&sem=pellentesque&fusce=quisque&consequat=porta&nulla=volutpat&nisl=erat&nunc=quisque&nisl=erat&duis=eros&bibendum=viverra', 'https://furl.net/ultrices/libero/non/mattis/pulvinar.png?massa=integer&quis=ac&augue=neque&luctus=duis&tincidunt=bibendum&nulla=morbi&mollis=non&molestie=quam&lorem=nec&quisque=dui&ut=luctus&erat=rutrum&curabitur=nulla&gravida=tellus&nisi=in&at=sagittis&nibh=dui&in=vel&hac=nisl&habitasse=duis');
insert into "Lesson" (id, course_id, name, stanza, sound) values (62, 6, 'at', 'http://creativecommons.org/condimentum/id/luctus.jpg?pellentesque=integer&ultrices=tincidunt&mattis=ante&odio=vel&donec=ipsum&vitae=praesent&nisi=blandit&nam=lacinia&ultrices=erat&libero=vestibulum&non=sed&mattis=magna&pulvinar=at&nulla=nunc&pede=commodo&ullamcorper=placerat&augue=praesent&a=blandit&suscipit=nam&nulla=nulla&elit=integer&ac=pede&nulla=justo&sed=lacinia&vel=eget&enim=tincidunt&sit=eget&amet=tempus&nunc=vel&viverra=pede&dapibus=morbi&nulla=porttitor&suscipit=lorem', 'http://scientificamerican.com/lacus/curabitur/at/ipsum/ac.xml?justo=posuere&lacinia=felis&eget=sed&tincidunt=lacus&eget=morbi&tempus=sem&vel=mauris&pede=laoreet&morbi=ut&porttitor=rhoncus&lorem=aliquet&id=pulvinar&ligula=sed&suspendisse=nisl&ornare=nunc&consequat=rhoncus&lectus=dui&in=vel&est=sem&risus=sed&auctor=sagittis&sed=nam&tristique=congue&in=risus&tempus=semper&sit=porta&amet=volutpat&sem=quam&fusce=pede&consequat=lobortis&nulla=ligula&nisl=sit&nunc=amet&nisl=eleifend&duis=pede&bibendum=libero&felis=quis&sed=orci&interdum=nullam&venenatis=molestie&turpis=nibh&enim=in&blandit=lectus&mi=pellentesque&in=at&porttitor=nulla&pede=suspendisse&justo=potenti&eu=cras&massa=in&donec=purus&dapibus=eu&duis=magna&at=vulputate&velit=luctus&eu=cum&est=sociis&congue=natoque&elementum=penatibus&in=et&hac=magnis&habitasse=dis&platea=parturient&dictumst=montes&morbi=nascetur');
insert into "Lesson" (id, course_id, name, stanza, sound) values (63, 9, 'duis', 'http://fotki.com/massa/id/nisl.xml?aenean=adipiscing&auctor=elit&gravida=proin&sem=interdum&praesent=mauris&id=non&massa=ligula&id=pellentesque&nisl=ultrices&venenatis=phasellus&lacinia=id&aenean=sapien&sit=in&amet=sapien&justo=iaculis&morbi=congue&ut=vivamus&odio=metus&cras=arcu&mi=adipiscing&pede=molestie&malesuada=hendrerit&in=at&imperdiet=vulputate&et=vitae&commodo=nisl&vulputate=aenean&justo=lectus&in=pellentesque&blandit=eget&ultrices=nunc&enim=donec&lorem=quis&ipsum=orci&dolor=eget&sit=orci&amet=vehicula&consectetuer=condimentum&adipiscing=curabitur&elit=in&proin=libero&interdum=ut&mauris=massa&non=volutpat&ligula=convallis&pellentesque=morbi&ultrices=odio&phasellus=odio&id=elementum&sapien=eu&in=interdum&sapien=eu&iaculis=tincidunt&congue=in&vivamus=leo&metus=maecenas&arcu=pulvinar&adipiscing=lobortis&molestie=est&hendrerit=phasellus&at=sit&vulputate=amet&vitae=erat&nisl=nulla&aenean=tempus&lectus=vivamus&pellentesque=in&eget=felis&nunc=eu', 'https://fastcompany.com/quis.aspx?amet=libero&cursus=ut&id=massa&turpis=volutpat&integer=convallis&aliquet=morbi&massa=odio&id=odio&lobortis=elementum&convallis=eu&tortor=interdum&risus=eu&dapibus=tincidunt&augue=in&vel=leo&accumsan=maecenas&tellus=pulvinar&nisi=lobortis&eu=est&orci=phasellus&mauris=sit&lacinia=amet&sapien=erat&quis=nulla&libero=tempus&nullam=vivamus&sit=in&amet=felis&turpis=eu&elementum=sapien&ligula=cursus&vehicula=vestibulum&consequat=proin&morbi=eu&a=mi&ipsum=nulla&integer=ac&a=enim&nibh=in&in=tempor&quis=turpis&justo=nec&maecenas=euismod&rhoncus=scelerisque&aliquam=quam&lacus=turpis&morbi=adipiscing&quis=lorem&tortor=vitae&id=mattis&nulla=nibh&ultrices=ligula&aliquet=nec&maecenas=sem&leo=duis&odio=aliquam&condimentum=convallis&id=nunc&luctus=proin&nec=at&molestie=turpis&sed=a&justo=pede&pellentesque=posuere&viverra=nonummy&pede=integer&ac=non&diam=velit&cras=donec&pellentesque=diam&volutpat=neque&dui=vestibulum&maecenas=eget&tristique=vulputate&est=ut&et=ultrices&tempus=vel&semper=augue&est=vestibulum&quam=ante&pharetra=ipsum&magna=primis&ac=in&consequat=faucibus&metus=orci&sapien=luctus&ut=et&nunc=ultrices&vestibulum=posuere&ante=cubilia&ipsum=curae&primis=donec&in=pharetra&faucibus=magna&orci=vestibulum&luctus=aliquet&et=ultrices&ultrices=erat&posuere=tortor&cubilia=sollicitudin');
insert into "Lesson" (id, course_id, name, stanza, sound) values (64, 10, 'eros', 'https://samsung.com/bibendum/morbi/non/quam/nec.jpg?elementum=lectus&in=pellentesque&hac=eget&habitasse=nunc&platea=donec&dictumst=quis&morbi=orci&vestibulum=eget&velit=orci&id=vehicula&pretium=condimentum&iaculis=curabitur&diam=in&erat=libero&fermentum=ut&justo=massa&nec=volutpat&condimentum=convallis&neque=morbi&sapien=odio&placerat=odio&ante=elementum&nulla=eu&justo=interdum&aliquam=eu&quis=tincidunt&turpis=in&eget=leo&elit=maecenas&sodales=pulvinar&scelerisque=lobortis&mauris=est&sit=phasellus&amet=sit&eros=amet&suspendisse=erat&accumsan=nulla&tortor=tempus&quis=vivamus&turpis=in&sed=felis&ante=eu&vivamus=sapien&tortor=cursus&duis=vestibulum&mattis=proin&egestas=eu&metus=mi&aenean=nulla&fermentum=ac&donec=enim&ut=in&mauris=tempor&eget=turpis&massa=nec&tempor=euismod&convallis=scelerisque&nulla=quam&neque=turpis&libero=adipiscing&convallis=lorem&eget=vitae&eleifend=mattis&luctus=nibh&ultricies=ligula&eu=nec&nibh=sem&quisque=duis&id=aliquam&justo=convallis&sit=nunc&amet=proin&sapien=at&dignissim=turpis&vestibulum=a&vestibulum=pede&ante=posuere&ipsum=nonummy&primis=integer&in=non&faucibus=velit&orci=donec&luctus=diam&et=neque&ultrices=vestibulum&posuere=eget&cubilia=vulputate&curae=ut&nulla=ultrices', 'http://opera.com/tincidunt/eget/tempus/vel/pede/morbi.xml?nulla=vulputate');
insert into "Lesson" (id, course_id, name, stanza, sound) values (65, 6, 'sit', 'https://multiply.com/rutrum/nulla/tellus/in.js?ac=ipsum&tellus=primis&semper=in&interdum=faucibus&mauris=orci&ullamcorper=luctus&purus=et&sit=ultrices&amet=posuere&nulla=cubilia&quisque=curae', 'http://psu.edu/lacus/at/turpis/donec.jpg?lorem=tincidunt&integer=nulla&tincidunt=mollis&ante=molestie&vel=lorem&ipsum=quisque&praesent=ut&blandit=erat&lacinia=curabitur&erat=gravida&vestibulum=nisi&sed=at&magna=nibh&at=in&nunc=hac&commodo=habitasse&placerat=platea&praesent=dictumst&blandit=aliquam&nam=augue&nulla=quam&integer=sollicitudin&pede=vitae&justo=consectetuer&lacinia=eget&eget=rutrum&tincidunt=at&eget=lorem&tempus=integer&vel=tincidunt&pede=ante&morbi=vel&porttitor=ipsum&lorem=praesent&id=blandit&ligula=lacinia&suspendisse=erat&ornare=vestibulum&consequat=sed&lectus=magna&in=at&est=nunc&risus=commodo&auctor=placerat&sed=praesent&tristique=blandit&in=nam&tempus=nulla&sit=integer&amet=pede&sem=justo&fusce=lacinia&consequat=eget&nulla=tincidunt&nisl=eget&nunc=tempus&nisl=vel&duis=pede&bibendum=morbi&felis=porttitor&sed=lorem&interdum=id&venenatis=ligula&turpis=suspendisse&enim=ornare');
insert into "Lesson" (id, course_id, name, stanza, sound) values (66, 4, 'duis', 'http://freewebs.com/laoreet/ut/rhoncus.html?eget=elementum&massa=in&tempor=hac&convallis=habitasse&nulla=platea&neque=dictumst&libero=morbi&convallis=vestibulum&eget=velit&eleifend=id&luctus=pretium&ultricies=iaculis&eu=diam&nibh=erat&quisque=fermentum&id=justo&justo=nec&sit=condimentum&amet=neque&sapien=sapien&dignissim=placerat&vestibulum=ante&vestibulum=nulla&ante=justo&ipsum=aliquam&primis=quis&in=turpis&faucibus=eget&orci=elit&luctus=sodales&et=scelerisque&ultrices=mauris&posuere=sit&cubilia=amet&curae=eros&nulla=suspendisse&dapibus=accumsan&dolor=tortor&vel=quis&est=turpis&donec=sed&odio=ante&justo=vivamus&sollicitudin=tortor&ut=duis&suscipit=mattis&a=egestas&feugiat=metus&et=aenean&eros=fermentum&vestibulum=donec&ac=ut&est=mauris&lacinia=eget&nisi=massa&venenatis=tempor&tristique=convallis&fusce=nulla&congue=neque&diam=libero&id=convallis&ornare=eget&imperdiet=eleifend&sapien=luctus&urna=ultricies&pretium=eu&nisl=nibh&ut=quisque&volutpat=id&sapien=justo&arcu=sit&sed=amet&augue=sapien&aliquam=dignissim&erat=vestibulum&volutpat=vestibulum&in=ante&congue=ipsum&etiam=primis&justo=in&etiam=faucibus&pretium=orci&iaculis=luctus&justo=et&in=ultrices&hac=posuere&habitasse=cubilia&platea=curae&dictumst=nulla&etiam=dapibus&faucibus=dolor&cursus=vel', 'http://apache.org/vestibulum/ante/ipsum/primis/in/faucibus/orci.jpg?luctus=ipsum&tincidunt=primis&nulla=in&mollis=faucibus&molestie=orci');
insert into "Lesson" (id, course_id, name, stanza, sound) values (67, 6, 'interdum', 'https://sciencedirect.com/in/magna/bibendum/imperdiet/nullam/orci/pede.jsp?a=rutrum&odio=nulla&in=tellus&hac=in&habitasse=sagittis&platea=dui&dictumst=vel&maecenas=nisl&ut=duis&massa=ac&quis=nibh&augue=fusce&luctus=lacus&tincidunt=purus&nulla=aliquet&mollis=at&molestie=feugiat&lorem=non&quisque=pretium&ut=quis&erat=lectus&curabitur=suspendisse&gravida=potenti&nisi=in&at=eleifend&nibh=quam&in=a&hac=odio&habitasse=in&platea=hac&dictumst=habitasse&aliquam=platea&augue=dictumst&quam=maecenas&sollicitudin=ut&vitae=massa&consectetuer=quis&eget=augue&rutrum=luctus&at=tincidunt&lorem=nulla&integer=mollis&tincidunt=molestie&ante=lorem&vel=quisque&ipsum=ut&praesent=erat&blandit=curabitur&lacinia=gravida&erat=nisi&vestibulum=at&sed=nibh&magna=in&at=hac&nunc=habitasse&commodo=platea&placerat=dictumst&praesent=aliquam&blandit=augue&nam=quam&nulla=sollicitudin', 'https://apache.org/nec/dui/luctus/rutrum/nulla.jsp?ultrices=vehicula&posuere=condimentum&cubilia=curabitur&curae=in&donec=libero&pharetra=ut&magna=massa&vestibulum=volutpat&aliquet=convallis&ultrices=morbi&erat=odio&tortor=odio&sollicitudin=elementum&mi=eu&sit=interdum&amet=eu&lobortis=tincidunt&sapien=in&sapien=leo&non=maecenas&mi=pulvinar&integer=lobortis&ac=est&neque=phasellus&duis=sit&bibendum=amet&morbi=erat&non=nulla&quam=tempus&nec=vivamus&dui=in&luctus=felis&rutrum=eu&nulla=sapien&tellus=cursus&in=vestibulum&sagittis=proin&dui=eu&vel=mi&nisl=nulla&duis=ac&ac=enim&nibh=in&fusce=tempor&lacus=turpis&purus=nec&aliquet=euismod&at=scelerisque&feugiat=quam&non=turpis&pretium=adipiscing&quis=lorem&lectus=vitae&suspendisse=mattis&potenti=nibh&in=ligula&eleifend=nec&quam=sem&a=duis&odio=aliquam&in=convallis&hac=nunc&habitasse=proin&platea=at&dictumst=turpis&maecenas=a&ut=pede&massa=posuere&quis=nonummy&augue=integer&luctus=non&tincidunt=velit&nulla=donec&mollis=diam&molestie=neque&lorem=vestibulum&quisque=eget&ut=vulputate&erat=ut&curabitur=ultrices&gravida=vel&nisi=augue&at=vestibulum&nibh=ante&in=ipsum&hac=primis&habitasse=in&platea=faucibus&dictumst=orci&aliquam=luctus&augue=et&quam=ultrices&sollicitudin=posuere&vitae=cubilia&consectetuer=curae');
insert into "Lesson" (id, course_id, name, stanza, sound) values (68, 3, 'habitasse', 'https://cbsnews.com/etiam/faucibus/cursus/urna/ut/tellus/nulla.html?consequat=ut&nulla=massa&nisl=volutpat&nunc=convallis&nisl=morbi&duis=odio&bibendum=odio&felis=elementum&sed=eu&interdum=interdum&venenatis=eu&turpis=tincidunt&enim=in&blandit=leo&mi=maecenas&in=pulvinar&porttitor=lobortis&pede=est&justo=phasellus&eu=sit&massa=amet&donec=erat&dapibus=nulla&duis=tempus&at=vivamus&velit=in&eu=felis&est=eu&congue=sapien&elementum=cursus&in=vestibulum&hac=proin&habitasse=eu&platea=mi&dictumst=nulla&morbi=ac&vestibulum=enim&velit=in&id=tempor&pretium=turpis&iaculis=nec&diam=euismod&erat=scelerisque&fermentum=quam&justo=turpis&nec=adipiscing&condimentum=lorem&neque=vitae&sapien=mattis&placerat=nibh&ante=ligula&nulla=nec&justo=sem&aliquam=duis&quis=aliquam&turpis=convallis&eget=nunc&elit=proin&sodales=at&scelerisque=turpis&mauris=a&sit=pede&amet=posuere&eros=nonummy&suspendisse=integer&accumsan=non&tortor=velit&quis=donec&turpis=diam&sed=neque&ante=vestibulum&vivamus=eget&tortor=vulputate&duis=ut&mattis=ultrices&egestas=vel&metus=augue&aenean=vestibulum&fermentum=ante&donec=ipsum&ut=primis&mauris=in&eget=faucibus&massa=orci&tempor=luctus&convallis=et&nulla=ultrices&neque=posuere&libero=cubilia&convallis=curae&eget=donec&eleifend=pharetra&luctus=magna&ultricies=vestibulum&eu=aliquet&nibh=ultrices&quisque=erat', 'https://1und1.de/faucibus/orci/luctus.jsp?tincidunt=lacus&nulla=purus&mollis=aliquet&molestie=at&lorem=feugiat&quisque=non&ut=pretium&erat=quis&curabitur=lectus&gravida=suspendisse&nisi=potenti&at=in&nibh=eleifend&in=quam&hac=a&habitasse=odio&platea=in&dictumst=hac&aliquam=habitasse&augue=platea&quam=dictumst&sollicitudin=maecenas&vitae=ut&consectetuer=massa&eget=quis&rutrum=augue&at=luctus&lorem=tincidunt&integer=nulla&tincidunt=mollis&ante=molestie&vel=lorem&ipsum=quisque&praesent=ut&blandit=erat&lacinia=curabitur&erat=gravida&vestibulum=nisi&sed=at&magna=nibh&at=in&nunc=hac&commodo=habitasse&placerat=platea&praesent=dictumst&blandit=aliquam&nam=augue&nulla=quam&integer=sollicitudin&pede=vitae&justo=consectetuer&lacinia=eget&eget=rutrum&tincidunt=at&eget=lorem&tempus=integer&vel=tincidunt&pede=ante&morbi=vel&porttitor=ipsum&lorem=praesent&id=blandit&ligula=lacinia&suspendisse=erat&ornare=vestibulum&consequat=sed&lectus=magna&in=at&est=nunc');
insert into "Lesson" (id, course_id, name, stanza, sound) values (69, 6, 'sed', 'https://gnu.org/adipiscing/molestie/hendrerit/at/vulputate/vitae/nisl.json?hac=dis&habitasse=parturient&platea=montes&dictumst=nascetur&maecenas=ridiculus&ut=mus&massa=etiam&quis=vel&augue=augue&luctus=vestibulum&tincidunt=rutrum&nulla=rutrum&mollis=neque&molestie=aenean&lorem=auctor&quisque=gravida&ut=sem&erat=praesent&curabitur=id&gravida=massa&nisi=id&at=nisl&nibh=venenatis&in=lacinia&hac=aenean&habitasse=sit&platea=amet&dictumst=justo&aliquam=morbi&augue=ut&quam=odio&sollicitudin=cras&vitae=mi&consectetuer=pede&eget=malesuada&rutrum=in&at=imperdiet&lorem=et&integer=commodo&tincidunt=vulputate&ante=justo&vel=in&ipsum=blandit&praesent=ultrices&blandit=enim&lacinia=lorem&erat=ipsum&vestibulum=dolor&sed=sit&magna=amet&at=consectetuer&nunc=adipiscing&commodo=elit&placerat=proin&praesent=interdum&blandit=mauris&nam=non&nulla=ligula&integer=pellentesque&pede=ultrices&justo=phasellus&lacinia=id&eget=sapien&tincidunt=in&eget=sapien&tempus=iaculis&vel=congue&pede=vivamus&morbi=metus&porttitor=arcu&lorem=adipiscing&id=molestie&ligula=hendrerit&suspendisse=at&ornare=vulputate&consequat=vitae&lectus=nisl&in=aenean&est=lectus&risus=pellentesque&auctor=eget&sed=nunc&tristique=donec&in=quis&tempus=orci&sit=eget&amet=orci&sem=vehicula&fusce=condimentum&consequat=curabitur&nulla=in&nisl=libero&nunc=ut&nisl=massa&duis=volutpat&bibendum=convallis&felis=morbi&sed=odio&interdum=odio&venenatis=elementum', 'http://smh.com.au/vivamus/vestibulum/sagittis/sapien/cum/sociis/natoque.json?ut=pretium&dolor=iaculis&morbi=diam&vel=erat&lectus=fermentum&in=justo&quam=nec&fringilla=condimentum&rhoncus=neque&mauris=sapien&enim=placerat&leo=ante&rhoncus=nulla&sed=justo&vestibulum=aliquam&sit=quis&amet=turpis&cursus=eget&id=elit&turpis=sodales&integer=scelerisque&aliquet=mauris&massa=sit&id=amet&lobortis=eros&convallis=suspendisse&tortor=accumsan&risus=tortor&dapibus=quis&augue=turpis&vel=sed&accumsan=ante&tellus=vivamus&nisi=tortor&eu=duis');
insert into "Lesson" (id, course_id, name, stanza, sound) values (70, 10, 'vestibulum', 'https://prnewswire.com/odio/in.png?pede=condimentum&ac=id&diam=luctus&cras=nec&pellentesque=molestie&volutpat=sed&dui=justo&maecenas=pellentesque&tristique=viverra&est=pede&et=ac&tempus=diam&semper=cras&est=pellentesque&quam=volutpat&pharetra=dui&magna=maecenas&ac=tristique&consequat=est&metus=et&sapien=tempus&ut=semper&nunc=est&vestibulum=quam&ante=pharetra&ipsum=magna&primis=ac&in=consequat&faucibus=metus&orci=sapien&luctus=ut&et=nunc&ultrices=vestibulum', 'https://istockphoto.com/ante/vel/ipsum/praesent/blandit.aspx?volutpat=magnis&quam=dis&pede=parturient&lobortis=montes&ligula=nascetur&sit=ridiculus&amet=mus&eleifend=vivamus&pede=vestibulum&libero=sagittis&quis=sapien&orci=cum&nullam=sociis&molestie=natoque&nibh=penatibus&in=et&lectus=magnis&pellentesque=dis&at=parturient&nulla=montes&suspendisse=nascetur&potenti=ridiculus&cras=mus&in=etiam&purus=vel&eu=augue&magna=vestibulum&vulputate=rutrum&luctus=rutrum&cum=neque&sociis=aenean&natoque=auctor&penatibus=gravida&et=sem&magnis=praesent&dis=id&parturient=massa&montes=id&nascetur=nisl&ridiculus=venenatis&mus=lacinia&vivamus=aenean&vestibulum=sit');
insert into "Lesson" (id, course_id, name, stanza, sound) values (71, 9, 'tristique', 'http://xinhuanet.com/sed/justo.aspx?maecenas=sed&ut=justo&massa=pellentesque&quis=viverra&augue=pede&luctus=ac&tincidunt=diam&nulla=cras&mollis=pellentesque&molestie=volutpat&lorem=dui&quisque=maecenas&ut=tristique&erat=est&curabitur=et&gravida=tempus&nisi=semper&at=est&nibh=quam&in=pharetra&hac=magna&habitasse=ac&platea=consequat&dictumst=metus&aliquam=sapien&augue=ut&quam=nunc&sollicitudin=vestibulum&vitae=ante&consectetuer=ipsum&eget=primis&rutrum=in&at=faucibus&lorem=orci&integer=luctus&tincidunt=et&ante=ultrices', 'http://php.net/libero/quis/orci.jsp?vulputate=diam&ut=in&ultrices=magna&vel=bibendum&augue=imperdiet&vestibulum=nullam&ante=orci&ipsum=pede&primis=venenatis&in=non&faucibus=sodales&orci=sed&luctus=tincidunt&et=eu&ultrices=felis&posuere=fusce&cubilia=posuere&curae=felis&donec=sed&pharetra=lacus&magna=morbi&vestibulum=sem&aliquet=mauris&ultrices=laoreet&erat=ut&tortor=rhoncus&sollicitudin=aliquet&mi=pulvinar&sit=sed&amet=nisl&lobortis=nunc&sapien=rhoncus&sapien=dui&non=vel&mi=sem&integer=sed&ac=sagittis');
insert into "Lesson" (id, course_id, name, stanza, sound) values (72, 1, 'ut', 'https://lycos.com/ligula/suspendisse/ornare/consequat.xml?odio=turpis&justo=a&sollicitudin=pede&ut=posuere', 'https://nhs.uk/mauris/sit.html?adipiscing=id&lorem=pretium&vitae=iaculis&mattis=diam&nibh=erat&ligula=fermentum&nec=justo&sem=nec&duis=condimentum&aliquam=neque&convallis=sapien&nunc=placerat&proin=ante&at=nulla&turpis=justo&a=aliquam&pede=quis&posuere=turpis&nonummy=eget&integer=elit&non=sodales&velit=scelerisque&donec=mauris&diam=sit&neque=amet&vestibulum=eros&eget=suspendisse&vulputate=accumsan&ut=tortor&ultrices=quis&vel=turpis&augue=sed&vestibulum=ante&ante=vivamus&ipsum=tortor&primis=duis&in=mattis&faucibus=egestas&orci=metus&luctus=aenean&et=fermentum&ultrices=donec&posuere=ut&cubilia=mauris&curae=eget&donec=massa&pharetra=tempor&magna=convallis&vestibulum=nulla&aliquet=neque&ultrices=libero&erat=convallis&tortor=eget&sollicitudin=eleifend&mi=luctus&sit=ultricies&amet=eu&lobortis=nibh&sapien=quisque&sapien=id&non=justo&mi=sit&integer=amet&ac=sapien&neque=dignissim&duis=vestibulum&bibendum=vestibulum&morbi=ante&non=ipsum&quam=primis&nec=in&dui=faucibus&luctus=orci&rutrum=luctus&nulla=et&tellus=ultrices&in=posuere&sagittis=cubilia&dui=curae&vel=nulla&nisl=dapibus&duis=dolor');
insert into "Lesson" (id, course_id, name, stanza, sound) values (73, 3, 'luctus', 'http://goodreads.com/arcu/sed/augue/aliquam.html?libero=vitae&convallis=quam&eget=suspendisse&eleifend=potenti&luctus=nullam&ultricies=porttitor&eu=lacus&nibh=at&quisque=turpis&id=donec&justo=posuere&sit=metus&amet=vitae&sapien=ipsum&dignissim=aliquam&vestibulum=non&vestibulum=mauris&ante=morbi&ipsum=non&primis=lectus&in=aliquam&faucibus=sit&orci=amet&luctus=diam&et=in&ultrices=magna&posuere=bibendum&cubilia=imperdiet&curae=nullam&nulla=orci&dapibus=pede&dolor=venenatis&vel=non&est=sodales&donec=sed&odio=tincidunt&justo=eu&sollicitudin=felis&ut=fusce&suscipit=posuere&a=felis&feugiat=sed', 'https://posterous.com/curabitur/at.jsp?sapien=molestie&varius=hendrerit&ut=at&blandit=vulputate&non=vitae&interdum=nisl&in=aenean');
insert into "Lesson" (id, course_id, name, stanza, sound) values (74, 8, 'ipsum', 'https://cocolog-nifty.com/id/justo/sit/amet.html?est=turpis&phasellus=elementum&sit=ligula&amet=vehicula&erat=consequat&nulla=morbi&tempus=a&vivamus=ipsum&in=integer&felis=a&eu=nibh&sapien=in&cursus=quis&vestibulum=justo&proin=maecenas&eu=rhoncus&mi=aliquam&nulla=lacus&ac=morbi&enim=quis&in=tortor&tempor=id&turpis=nulla&nec=ultrices&euismod=aliquet&scelerisque=maecenas&quam=leo&turpis=odio&adipiscing=condimentum&lorem=id&vitae=luctus&mattis=nec&nibh=molestie&ligula=sed&nec=justo&sem=pellentesque&duis=viverra&aliquam=pede&convallis=ac&nunc=diam&proin=cras&at=pellentesque&turpis=volutpat&a=dui&pede=maecenas&posuere=tristique&nonummy=est&integer=et&non=tempus&velit=semper&donec=est&diam=quam&neque=pharetra&vestibulum=magna&eget=ac&vulputate=consequat&ut=metus&ultrices=sapien&vel=ut&augue=nunc&vestibulum=vestibulum&ante=ante&ipsum=ipsum&primis=primis&in=in&faucibus=faucibus&orci=orci&luctus=luctus&et=et&ultrices=ultrices&posuere=posuere&cubilia=cubilia&curae=curae&donec=mauris&pharetra=viverra&magna=diam&vestibulum=vitae', 'http://amazon.com/vulputate/luctus/cum/sociis/natoque.html?aliquam=vitae&sit=mattis&amet=nibh&diam=ligula&in=nec&magna=sem&bibendum=duis&imperdiet=aliquam&nullam=convallis&orci=nunc&pede=proin&venenatis=at&non=turpis&sodales=a&sed=pede&tincidunt=posuere&eu=nonummy&felis=integer&fusce=non&posuere=velit&felis=donec&sed=diam&lacus=neque&morbi=vestibulum&sem=eget&mauris=vulputate&laoreet=ut&ut=ultrices&rhoncus=vel&aliquet=augue&pulvinar=vestibulum&sed=ante&nisl=ipsum&nunc=primis&rhoncus=in&dui=faucibus&vel=orci');
insert into "Lesson" (id, course_id, name, stanza, sound) values (75, 7, 'at', 'https://smh.com.au/vel/augue/vestibulum/ante/ipsum/primis/in.js?condimentum=quam&id=suspendisse&luctus=potenti&nec=nullam&molestie=porttitor&sed=lacus&justo=at&pellentesque=turpis&viverra=donec&pede=posuere&ac=metus&diam=vitae&cras=ipsum&pellentesque=aliquam&volutpat=non&dui=mauris&maecenas=morbi&tristique=non&est=lectus&et=aliquam&tempus=sit&semper=amet&est=diam&quam=in&pharetra=magna&magna=bibendum&ac=imperdiet&consequat=nullam&metus=orci&sapien=pede&ut=venenatis&nunc=non&vestibulum=sodales&ante=sed&ipsum=tincidunt&primis=eu&in=felis&faucibus=fusce&orci=posuere&luctus=felis&et=sed&ultrices=lacus&posuere=morbi&cubilia=sem&curae=mauris&mauris=laoreet&viverra=ut&diam=rhoncus&vitae=aliquet&quam=pulvinar&suspendisse=sed&potenti=nisl&nullam=nunc&porttitor=rhoncus&lacus=dui&at=vel&turpis=sem&donec=sed&posuere=sagittis&metus=nam&vitae=congue&ipsum=risus&aliquam=semper&non=porta&mauris=volutpat&morbi=quam&non=pede&lectus=lobortis&aliquam=ligula&sit=sit&amet=amet&diam=eleifend&in=pede&magna=libero&bibendum=quis&imperdiet=orci&nullam=nullam&orci=molestie&pede=nibh&venenatis=in&non=lectus&sodales=pellentesque&sed=at&tincidunt=nulla&eu=suspendisse', 'https://diigo.com/massa.jpg?augue=orci&vel=nullam&accumsan=molestie&tellus=nibh&nisi=in&eu=lectus&orci=pellentesque&mauris=at&lacinia=nulla&sapien=suspendisse&quis=potenti&libero=cras&nullam=in&sit=purus&amet=eu&turpis=magna');
insert into "Lesson" (id, course_id, name, stanza, sound) values (76, 1, 'non', 'http://multiply.com/luctus/et/ultrices/posuere/cubilia/curae.xml?eleifend=sed&donec=tincidunt&ut=eu&dolor=felis&morbi=fusce&vel=posuere&lectus=felis&in=sed&quam=lacus&fringilla=morbi&rhoncus=sem&mauris=mauris&enim=laoreet&leo=ut&rhoncus=rhoncus&sed=aliquet&vestibulum=pulvinar&sit=sed&amet=nisl&cursus=nunc&id=rhoncus&turpis=dui&integer=vel&aliquet=sem&massa=sed&id=sagittis&lobortis=nam&convallis=congue&tortor=risus&risus=semper&dapibus=porta&augue=volutpat&vel=quam&accumsan=pede&tellus=lobortis&nisi=ligula&eu=sit&orci=amet&mauris=eleifend&lacinia=pede&sapien=libero&quis=quis&libero=orci&nullam=nullam&sit=molestie&amet=nibh&turpis=in&elementum=lectus&ligula=pellentesque&vehicula=at&consequat=nulla&morbi=suspendisse&a=potenti&ipsum=cras&integer=in&a=purus&nibh=eu&in=magna&quis=vulputate&justo=luctus&maecenas=cum&rhoncus=sociis&aliquam=natoque&lacus=penatibus&morbi=et&quis=magnis&tortor=dis&id=parturient&nulla=montes&ultrices=nascetur&aliquet=ridiculus&maecenas=mus&leo=vivamus&odio=vestibulum&condimentum=sagittis&id=sapien&luctus=cum&nec=sociis&molestie=natoque&sed=penatibus&justo=et&pellentesque=magnis&viverra=dis&pede=parturient&ac=montes', 'http://nymag.com/mi.jsp?elit=tellus&sodales=nulla&scelerisque=ut&mauris=erat&sit=id&amet=mauris&eros=vulputate&suspendisse=elementum&accumsan=nullam&tortor=varius&quis=nulla&turpis=facilisi&sed=cras&ante=non&vivamus=velit&tortor=nec&duis=nisi&mattis=vulputate&egestas=nonummy&metus=maecenas&aenean=tincidunt&fermentum=lacus&donec=at&ut=velit&mauris=vivamus&eget=vel&massa=nulla&tempor=eget&convallis=eros&nulla=elementum&neque=pellentesque&libero=quisque&convallis=porta&eget=volutpat&eleifend=erat&luctus=quisque&ultricies=erat&eu=eros&nibh=viverra&quisque=eget&id=congue&justo=eget&sit=semper&amet=rutrum&sapien=nulla&dignissim=nunc&vestibulum=purus&vestibulum=phasellus&ante=in&ipsum=felis&primis=donec&in=semper&faucibus=sapien&orci=a&luctus=libero&et=nam&ultrices=dui&posuere=proin&cubilia=leo&curae=odio&nulla=porttitor&dapibus=id&dolor=consequat&vel=in&est=consequat&donec=ut&odio=nulla&justo=sed&sollicitudin=accumsan&ut=felis&suscipit=ut&a=at&feugiat=dolor&et=quis&eros=odio&vestibulum=consequat&ac=varius&est=integer&lacinia=ac&nisi=leo&venenatis=pellentesque&tristique=ultrices&fusce=mattis&congue=odio&diam=donec&id=vitae&ornare=nisi&imperdiet=nam&sapien=ultrices&urna=libero&pretium=non&nisl=mattis&ut=pulvinar&volutpat=nulla&sapien=pede&arcu=ullamcorper&sed=augue&augue=a&aliquam=suscipit&erat=nulla');
insert into "Lesson" (id, course_id, name, stanza, sound) values (77, 10, 'vestibulum', 'http://infoseek.co.jp/ac/neque/duis/bibendum.xml?sit=rhoncus&amet=mauris&sem=enim&fusce=leo&consequat=rhoncus&nulla=sed&nisl=vestibulum&nunc=sit&nisl=amet&duis=cursus&bibendum=id&felis=turpis&sed=integer', 'http://bloomberg.com/quisque/id/justo/sit/amet/sapien.aspx?feugiat=leo&et=odio&eros=porttitor&vestibulum=id&ac=consequat&est=in&lacinia=consequat&nisi=ut&venenatis=nulla&tristique=sed&fusce=accumsan&congue=felis&diam=ut&id=at&ornare=dolor&imperdiet=quis&sapien=odio&urna=consequat&pretium=varius&nisl=integer&ut=ac&volutpat=leo&sapien=pellentesque&arcu=ultrices&sed=mattis&augue=odio&aliquam=donec&erat=vitae&volutpat=nisi&in=nam');
insert into "Lesson" (id, course_id, name, stanza, sound) values (78, 3, 'turpis', 'https://eventbrite.com/rutrum.html?ultrices=ac&mattis=neque&odio=duis&donec=bibendum&vitae=morbi&nisi=non&nam=quam&ultrices=nec&libero=dui&non=luctus&mattis=rutrum&pulvinar=nulla&nulla=tellus&pede=in&ullamcorper=sagittis&augue=dui&a=vel&suscipit=nisl&nulla=duis&elit=ac&ac=nibh&nulla=fusce&sed=lacus&vel=purus&enim=aliquet&sit=at&amet=feugiat&nunc=non&viverra=pretium&dapibus=quis&nulla=lectus&suscipit=suspendisse&ligula=potenti&in=in&lacus=eleifend&curabitur=quam&at=a&ipsum=odio&ac=in&tellus=hac&semper=habitasse&interdum=platea&mauris=dictumst&ullamcorper=maecenas', 'https://mtv.com/ipsum.jsp?erat=nibh&tortor=fusce&sollicitudin=lacus&mi=purus&sit=aliquet&amet=at&lobortis=feugiat&sapien=non&sapien=pretium&non=quis&mi=lectus&integer=suspendisse&ac=potenti&neque=in&duis=eleifend&bibendum=quam&morbi=a&non=odio&quam=in&nec=hac&dui=habitasse&luctus=platea&rutrum=dictumst&nulla=maecenas&tellus=ut&in=massa&sagittis=quis&dui=augue&vel=luctus&nisl=tincidunt&duis=nulla&ac=mollis&nibh=molestie&fusce=lorem&lacus=quisque&purus=ut&aliquet=erat&at=curabitur&feugiat=gravida&non=nisi&pretium=at&quis=nibh&lectus=in&suspendisse=hac&potenti=habitasse');
insert into "Lesson" (id, course_id, name, stanza, sound) values (79, 1, 'adipiscing', 'https://alibaba.com/commodo/vulputate/justo/in.aspx?turpis=justo&eget=sollicitudin&elit=ut&sodales=suscipit&scelerisque=a&mauris=feugiat&sit=et&amet=eros&eros=vestibulum&suspendisse=ac&accumsan=est&tortor=lacinia&quis=nisi&turpis=venenatis&sed=tristique&ante=fusce&vivamus=congue&tortor=diam&duis=id&mattis=ornare&egestas=imperdiet&metus=sapien&aenean=urna&fermentum=pretium&donec=nisl', 'http://cam.ac.uk/quam/a/odio/in/hac/habitasse/platea.js?eros=vehicula&elementum=consequat&pellentesque=morbi&quisque=a&porta=ipsum&volutpat=integer&erat=a&quisque=nibh&erat=in&eros=quis&viverra=justo&eget=maecenas&congue=rhoncus&eget=aliquam&semper=lacus&rutrum=morbi&nulla=quis&nunc=tortor&purus=id&phasellus=nulla&in=ultrices&felis=aliquet&donec=maecenas&semper=leo&sapien=odio&a=condimentum&libero=id&nam=luctus&dui=nec&proin=molestie&leo=sed&odio=justo&porttitor=pellentesque&id=viverra&consequat=pede&in=ac&consequat=diam&ut=cras&nulla=pellentesque&sed=volutpat&accumsan=dui&felis=maecenas&ut=tristique&at=est&dolor=et&quis=tempus&odio=semper&consequat=est&varius=quam&integer=pharetra&ac=magna&leo=ac&pellentesque=consequat&ultrices=metus&mattis=sapien&odio=ut&donec=nunc&vitae=vestibulum&nisi=ante&nam=ipsum&ultrices=primis&libero=in&non=faucibus&mattis=orci&pulvinar=luctus&nulla=et&pede=ultrices&ullamcorper=posuere&augue=cubilia&a=curae&suscipit=mauris&nulla=viverra&elit=diam&ac=vitae&nulla=quam&sed=suspendisse&vel=potenti&enim=nullam&sit=porttitor&amet=lacus&nunc=at&viverra=turpis&dapibus=donec&nulla=posuere&suscipit=metus&ligula=vitae&in=ipsum&lacus=aliquam&curabitur=non&at=mauris');
insert into "Lesson" (id, course_id, name, stanza, sound) values (80, 10, 'diam', 'http://fda.gov/convallis/tortor.aspx?amet=curabitur&lobortis=in&sapien=libero&sapien=ut&non=massa&mi=volutpat&integer=convallis&ac=morbi&neque=odio&duis=odio&bibendum=elementum&morbi=eu&non=interdum&quam=eu&nec=tincidunt&dui=in&luctus=leo&rutrum=maecenas&nulla=pulvinar&tellus=lobortis&in=est&sagittis=phasellus&dui=sit&vel=amet&nisl=erat&duis=nulla&ac=tempus&nibh=vivamus&fusce=in&lacus=felis&purus=eu&aliquet=sapien&at=cursus&feugiat=vestibulum&non=proin&pretium=eu&quis=mi&lectus=nulla&suspendisse=ac&potenti=enim&in=in', 'https://alibaba.com/placerat/praesent.jsp?posuere=rhoncus&metus=mauris&vitae=enim&ipsum=leo&aliquam=rhoncus&non=sed&mauris=vestibulum&morbi=sit&non=amet&lectus=cursus&aliquam=id&sit=turpis&amet=integer&diam=aliquet&in=massa&magna=id&bibendum=lobortis&imperdiet=convallis&nullam=tortor&orci=risus&pede=dapibus');
insert into "Lesson" (id, course_id, name, stanza, sound) values (81, 10, 'tortor', 'http://baidu.com/cursus/urna/ut/tellus.jsp?porttitor=iaculis&lorem=justo&id=in&ligula=hac&suspendisse=habitasse&ornare=platea&consequat=dictumst&lectus=etiam&in=faucibus&est=cursus&risus=urna&auctor=ut&sed=tellus&tristique=nulla&in=ut&tempus=erat&sit=id&amet=mauris&sem=vulputate&fusce=elementum&consequat=nullam&nulla=varius&nisl=nulla&nunc=facilisi&nisl=cras&duis=non&bibendum=velit&felis=nec&sed=nisi&interdum=vulputate&venenatis=nonummy&turpis=maecenas&enim=tincidunt&blandit=lacus&mi=at&in=velit&porttitor=vivamus&pede=vel&justo=nulla&eu=eget&massa=eros&donec=elementum&dapibus=pellentesque&duis=quisque&at=porta&velit=volutpat&eu=erat&est=quisque&congue=erat&elementum=eros&in=viverra&hac=eget&habitasse=congue&platea=eget&dictumst=semper&morbi=rutrum&vestibulum=nulla&velit=nunc&id=purus&pretium=phasellus&iaculis=in&diam=felis&erat=donec&fermentum=semper&justo=sapien&nec=a&condimentum=libero&neque=nam&sapien=dui&placerat=proin&ante=leo&nulla=odio&justo=porttitor&aliquam=id&quis=consequat&turpis=in&eget=consequat', 'http://nsw.gov.au/nullam/porttitor/lacus.jsp?sapien=ut&quis=volutpat&libero=sapien&nullam=arcu&sit=sed&amet=augue&turpis=aliquam&elementum=erat&ligula=volutpat&vehicula=in&consequat=congue&morbi=etiam&a=justo&ipsum=etiam&integer=pretium&a=iaculis&nibh=justo&in=in&quis=hac&justo=habitasse&maecenas=platea&rhoncus=dictumst&aliquam=etiam&lacus=faucibus&morbi=cursus&quis=urna&tortor=ut&id=tellus&nulla=nulla&ultrices=ut&aliquet=erat&maecenas=id&leo=mauris&odio=vulputate&condimentum=elementum&id=nullam&luctus=varius&nec=nulla&molestie=facilisi&sed=cras&justo=non&pellentesque=velit&viverra=nec&pede=nisi&ac=vulputate&diam=nonummy&cras=maecenas&pellentesque=tincidunt&volutpat=lacus&dui=at&maecenas=velit&tristique=vivamus&est=vel&et=nulla&tempus=eget&semper=eros&est=elementum&quam=pellentesque&pharetra=quisque&magna=porta&ac=volutpat&consequat=erat&metus=quisque&sapien=erat&ut=eros&nunc=viverra&vestibulum=eget&ante=congue&ipsum=eget&primis=semper&in=rutrum&faucibus=nulla&orci=nunc&luctus=purus&et=phasellus&ultrices=in&posuere=felis&cubilia=donec&curae=semper&mauris=sapien&viverra=a&diam=libero&vitae=nam&quam=dui&suspendisse=proin&potenti=leo&nullam=odio&porttitor=porttitor&lacus=id&at=consequat&turpis=in&donec=consequat&posuere=ut&metus=nulla');
insert into "Lesson" (id, course_id, name, stanza, sound) values (82, 7, 'at', 'http://github.com/lacinia/aenean/sit.html?dictumst=massa&morbi=id&vestibulum=lobortis&velit=convallis&id=tortor&pretium=risus&iaculis=dapibus&diam=augue&erat=vel&fermentum=accumsan&justo=tellus&nec=nisi&condimentum=eu&neque=orci&sapien=mauris&placerat=lacinia&ante=sapien&nulla=quis&justo=libero&aliquam=nullam&quis=sit&turpis=amet&eget=turpis&elit=elementum&sodales=ligula&scelerisque=vehicula&mauris=consequat&sit=morbi&amet=a&eros=ipsum&suspendisse=integer&accumsan=a&tortor=nibh&quis=in&turpis=quis&sed=justo&ante=maecenas&vivamus=rhoncus&tortor=aliquam&duis=lacus&mattis=morbi&egestas=quis', 'http://parallels.com/est/congue.aspx?nunc=orci&commodo=vehicula&placerat=condimentum&praesent=curabitur&blandit=in&nam=libero&nulla=ut&integer=massa&pede=volutpat&justo=convallis&lacinia=morbi&eget=odio&tincidunt=odio&eget=elementum&tempus=eu&vel=interdum&pede=eu&morbi=tincidunt&porttitor=in&lorem=leo&id=maecenas&ligula=pulvinar');
insert into "Lesson" (id, course_id, name, stanza, sound) values (83, 4, 'bibendum', 'http://pagesperso-orange.fr/congue/risus/semper/porta/volutpat/quam.jsp?ac=suspendisse&enim=potenti&in=in&tempor=eleifend&turpis=quam&nec=a&euismod=odio&scelerisque=in&quam=hac&turpis=habitasse&adipiscing=platea&lorem=dictumst&vitae=maecenas&mattis=ut&nibh=massa&ligula=quis&nec=augue&sem=luctus&duis=tincidunt&aliquam=nulla&convallis=mollis&nunc=molestie&proin=lorem&at=quisque&turpis=ut&a=erat&pede=curabitur&posuere=gravida&nonummy=nisi&integer=at&non=nibh&velit=in&donec=hac&diam=habitasse&neque=platea&vestibulum=dictumst&eget=aliquam&vulputate=augue&ut=quam&ultrices=sollicitudin&vel=vitae&augue=consectetuer&vestibulum=eget&ante=rutrum', 'http://squidoo.com/dictumst.aspx?maecenas=turpis&tincidunt=adipiscing&lacus=lorem');
insert into "Lesson" (id, course_id, name, stanza, sound) values (84, 4, 'at', 'http://weather.com/a/odio.png?pede=et&justo=ultrices&lacinia=posuere&eget=cubilia&tincidunt=curae&eget=mauris&tempus=viverra&vel=diam&pede=vitae&morbi=quam&porttitor=suspendisse&lorem=potenti&id=nullam&ligula=porttitor&suspendisse=lacus&ornare=at&consequat=turpis&lectus=donec&in=posuere&est=metus&risus=vitae&auctor=ipsum&sed=aliquam&tristique=non&in=mauris&tempus=morbi&sit=non&amet=lectus&sem=aliquam&fusce=sit&consequat=amet&nulla=diam&nisl=in&nunc=magna&nisl=bibendum&duis=imperdiet&bibendum=nullam&felis=orci&sed=pede&interdum=venenatis&venenatis=non&turpis=sodales&enim=sed&blandit=tincidunt&mi=eu&in=felis&porttitor=fusce&pede=posuere&justo=felis&eu=sed&massa=lacus&donec=morbi&dapibus=sem&duis=mauris&at=laoreet&velit=ut&eu=rhoncus&est=aliquet&congue=pulvinar&elementum=sed&in=nisl&hac=nunc&habitasse=rhoncus&platea=dui&dictumst=vel&morbi=sem&vestibulum=sed&velit=sagittis&id=nam&pretium=congue&iaculis=risus&diam=semper&erat=porta&fermentum=volutpat&justo=quam&nec=pede&condimentum=lobortis&neque=ligula&sapien=sit&placerat=amet&ante=eleifend&nulla=pede', 'https://answers.com/amet/justo/morbi/ut/odio/cras/mi.jpg?interdum=non&eu=mattis&tincidunt=pulvinar&in=nulla&leo=pede&maecenas=ullamcorper&pulvinar=augue&lobortis=a&est=suscipit&phasellus=nulla&sit=elit&amet=ac&erat=nulla&nulla=sed&tempus=vel&vivamus=enim&in=sit&felis=amet&eu=nunc&sapien=viverra&cursus=dapibus&vestibulum=nulla&proin=suscipit&eu=ligula&mi=in&nulla=lacus&ac=curabitur&enim=at&in=ipsum&tempor=ac&turpis=tellus&nec=semper&euismod=interdum&scelerisque=mauris&quam=ullamcorper&turpis=purus&adipiscing=sit&lorem=amet&vitae=nulla&mattis=quisque&nibh=arcu&ligula=libero&nec=rutrum&sem=ac&duis=lobortis&aliquam=vel&convallis=dapibus&nunc=at&proin=diam&at=nam&turpis=tristique&a=tortor&pede=eu&posuere=pede');
insert into "Lesson" (id, course_id, name, stanza, sound) values (85, 5, 'platea', 'http://unicef.org/primis.js?primis=duis&in=at&faucibus=velit&orci=eu&luctus=est&et=congue&ultrices=elementum&posuere=in&cubilia=hac&curae=habitasse&nulla=platea&dapibus=dictumst&dolor=morbi&vel=vestibulum&est=velit&donec=id&odio=pretium&justo=iaculis&sollicitudin=diam&ut=erat&suscipit=fermentum&a=justo&feugiat=nec&et=condimentum&eros=neque&vestibulum=sapien&ac=placerat&est=ante&lacinia=nulla&nisi=justo&venenatis=aliquam&tristique=quis&fusce=turpis&congue=eget&diam=elit', 'http://samsung.com/non.js?amet=tristique&erat=in&nulla=tempus&tempus=sit&vivamus=amet&in=sem&felis=fusce&eu=consequat&sapien=nulla&cursus=nisl&vestibulum=nunc&proin=nisl&eu=duis&mi=bibendum&nulla=felis&ac=sed&enim=interdum&in=venenatis&tempor=turpis&turpis=enim&nec=blandit&euismod=mi&scelerisque=in&quam=porttitor&turpis=pede&adipiscing=justo&lorem=eu&vitae=massa&mattis=donec&nibh=dapibus&ligula=duis&nec=at&sem=velit&duis=eu&aliquam=est&convallis=congue&nunc=elementum&proin=in');
insert into "Lesson" (id, course_id, name, stanza, sound) values (86, 6, 'nullam', 'https://people.com.cn/potenti.jpg?sed=quam&justo=sollicitudin&pellentesque=vitae&viverra=consectetuer&pede=eget&ac=rutrum&diam=at&cras=lorem&pellentesque=integer&volutpat=tincidunt&dui=ante&maecenas=vel&tristique=ipsum&est=praesent&et=blandit&tempus=lacinia&semper=erat&est=vestibulum&quam=sed&pharetra=magna&magna=at&ac=nunc&consequat=commodo&metus=placerat&sapien=praesent&ut=blandit&nunc=nam&vestibulum=nulla&ante=integer&ipsum=pede&primis=justo&in=lacinia&faucibus=eget&orci=tincidunt&luctus=eget&et=tempus&ultrices=vel&posuere=pede&cubilia=morbi&curae=porttitor&mauris=lorem&viverra=id&diam=ligula&vitae=suspendisse&quam=ornare&suspendisse=consequat&potenti=lectus&nullam=in&porttitor=est&lacus=risus&at=auctor&turpis=sed&donec=tristique&posuere=in&metus=tempus&vitae=sit&ipsum=amet&aliquam=sem&non=fusce&mauris=consequat&morbi=nulla&non=nisl&lectus=nunc&aliquam=nisl&sit=duis&amet=bibendum&diam=felis&in=sed&magna=interdum&bibendum=venenatis&imperdiet=turpis&nullam=enim&orci=blandit&pede=mi&venenatis=in&non=porttitor&sodales=pede&sed=justo&tincidunt=eu&eu=massa&felis=donec&fusce=dapibus&posuere=duis&felis=at', 'https://dot.gov/id/nulla/ultrices/aliquet/maecenas/leo/odio.xml?in=sociis&faucibus=natoque&orci=penatibus&luctus=et&et=magnis&ultrices=dis&posuere=parturient&cubilia=montes&curae=nascetur&duis=ridiculus&faucibus=mus&accumsan=vivamus&odio=vestibulum&curabitur=sagittis&convallis=sapien&duis=cum&consequat=sociis&dui=natoque&nec=penatibus&nisi=et&volutpat=magnis&eleifend=dis&donec=parturient&ut=montes&dolor=nascetur&morbi=ridiculus&vel=mus&lectus=etiam&in=vel&quam=augue&fringilla=vestibulum&rhoncus=rutrum&mauris=rutrum&enim=neque&leo=aenean&rhoncus=auctor&sed=gravida&vestibulum=sem&sit=praesent&amet=id&cursus=massa&id=id&turpis=nisl&integer=venenatis&aliquet=lacinia&massa=aenean&id=sit&lobortis=amet&convallis=justo&tortor=morbi&risus=ut&dapibus=odio&augue=cras&vel=mi&accumsan=pede&tellus=malesuada&nisi=in&eu=imperdiet&orci=et&mauris=commodo');
insert into "Lesson" (id, course_id, name, stanza, sound) values (87, 3, 'odio', 'http://arstechnica.com/curabitur/at.xml?amet=ultrices&consectetuer=posuere&adipiscing=cubilia&elit=curae&proin=duis&interdum=faucibus&mauris=accumsan&non=odio&ligula=curabitur&pellentesque=convallis&ultrices=duis&phasellus=consequat&id=dui&sapien=nec&in=nisi&sapien=volutpat&iaculis=eleifend&congue=donec&vivamus=ut&metus=dolor&arcu=morbi&adipiscing=vel&molestie=lectus&hendrerit=in&at=quam&vulputate=fringilla&vitae=rhoncus&nisl=mauris&aenean=enim&lectus=leo&pellentesque=rhoncus&eget=sed&nunc=vestibulum&donec=sit&quis=amet&orci=cursus&eget=id&orci=turpis&vehicula=integer&condimentum=aliquet&curabitur=massa&in=id&libero=lobortis&ut=convallis&massa=tortor&volutpat=risus&convallis=dapibus&morbi=augue&odio=vel&odio=accumsan&elementum=tellus&eu=nisi&interdum=eu&eu=orci&tincidunt=mauris&in=lacinia&leo=sapien&maecenas=quis&pulvinar=libero&lobortis=nullam&est=sit&phasellus=amet&sit=turpis&amet=elementum&erat=ligula&nulla=vehicula&tempus=consequat&vivamus=morbi&in=a&felis=ipsum&eu=integer&sapien=a&cursus=nibh&vestibulum=in&proin=quis&eu=justo&mi=maecenas&nulla=rhoncus&ac=aliquam&enim=lacus&in=morbi&tempor=quis&turpis=tortor', 'http://hibu.com/amet/sapien/dignissim/vestibulum.json?lobortis=morbi&est=porttitor&phasellus=lorem&sit=id&amet=ligula&erat=suspendisse&nulla=ornare&tempus=consequat&vivamus=lectus&in=in&felis=est&eu=risus&sapien=auctor&cursus=sed&vestibulum=tristique&proin=in&eu=tempus&mi=sit&nulla=amet&ac=sem&enim=fusce&in=consequat&tempor=nulla&turpis=nisl&nec=nunc&euismod=nisl&scelerisque=duis&quam=bibendum&turpis=felis&adipiscing=sed&lorem=interdum&vitae=venenatis&mattis=turpis&nibh=enim&ligula=blandit&nec=mi&sem=in&duis=porttitor&aliquam=pede&convallis=justo&nunc=eu&proin=massa&at=donec&turpis=dapibus&a=duis&pede=at&posuere=velit&nonummy=eu&integer=est&non=congue&velit=elementum&donec=in&diam=hac&neque=habitasse&vestibulum=platea&eget=dictumst&vulputate=morbi&ut=vestibulum&ultrices=velit&vel=id&augue=pretium&vestibulum=iaculis&ante=diam&ipsum=erat&primis=fermentum&in=justo');
insert into "Lesson" (id, course_id, name, stanza, sound) values (88, 9, 'sit', 'https://canalblog.com/id/massa/id/nisl.aspx?sapien=fusce&cum=lacus&sociis=purus&natoque=aliquet&penatibus=at&et=feugiat&magnis=non&dis=pretium&parturient=quis&montes=lectus&nascetur=suspendisse&ridiculus=potenti&mus=in&etiam=eleifend&vel=quam&augue=a&vestibulum=odio&rutrum=in&rutrum=hac&neque=habitasse&aenean=platea&auctor=dictumst&gravida=maecenas&sem=ut&praesent=massa&id=quis&massa=augue&id=luctus&nisl=tincidunt&venenatis=nulla&lacinia=mollis&aenean=molestie&sit=lorem&amet=quisque&justo=ut&morbi=erat&ut=curabitur&odio=gravida&cras=nisi&mi=at&pede=nibh&malesuada=in&in=hac&imperdiet=habitasse&et=platea&commodo=dictumst&vulputate=aliquam&justo=augue&in=quam&blandit=sollicitudin&ultrices=vitae&enim=consectetuer&lorem=eget&ipsum=rutrum&dolor=at&sit=lorem', 'http://phpbb.com/duis/ac.aspx?suspendisse=consequat&potenti=metus&cras=sapien&in=ut&purus=nunc&eu=vestibulum&magna=ante&vulputate=ipsum&luctus=primis&cum=in&sociis=faucibus&natoque=orci&penatibus=luctus&et=et&magnis=ultrices&dis=posuere&parturient=cubilia&montes=curae&nascetur=mauris&ridiculus=viverra&mus=diam&vivamus=vitae&vestibulum=quam&sagittis=suspendisse&sapien=potenti&cum=nullam&sociis=porttitor&natoque=lacus&penatibus=at&et=turpis&magnis=donec&dis=posuere&parturient=metus&montes=vitae&nascetur=ipsum&ridiculus=aliquam&mus=non&etiam=mauris&vel=morbi&augue=non&vestibulum=lectus&rutrum=aliquam&rutrum=sit&neque=amet');
insert into "Lesson" (id, course_id, name, stanza, sound) values (89, 5, 'pede', 'https://tripadvisor.com/cras/pellentesque/volutpat/dui/maecenas.jsp?ut=gravida&erat=sem&id=praesent&mauris=id&vulputate=massa&elementum=id&nullam=nisl&varius=venenatis&nulla=lacinia&facilisi=aenean&cras=sit&non=amet&velit=justo&nec=morbi&nisi=ut&vulputate=odio&nonummy=cras&maecenas=mi&tincidunt=pede&lacus=malesuada&at=in&velit=imperdiet&vivamus=et&vel=commodo&nulla=vulputate&eget=justo&eros=in&elementum=blandit&pellentesque=ultrices&quisque=enim&porta=lorem&volutpat=ipsum&erat=dolor&quisque=sit&erat=amet&eros=consectetuer&viverra=adipiscing&eget=elit&congue=proin&eget=interdum&semper=mauris&rutrum=non&nulla=ligula&nunc=pellentesque&purus=ultrices&phasellus=phasellus&in=id&felis=sapien&donec=in&semper=sapien&sapien=iaculis&a=congue&libero=vivamus&nam=metus&dui=arcu&proin=adipiscing&leo=molestie&odio=hendrerit&porttitor=at&id=vulputate&consequat=vitae&in=nisl&consequat=aenean&ut=lectus&nulla=pellentesque&sed=eget&accumsan=nunc&felis=donec&ut=quis&at=orci&dolor=eget&quis=orci&odio=vehicula&consequat=condimentum&varius=curabitur&integer=in&ac=libero&leo=ut&pellentesque=massa&ultrices=volutpat&mattis=convallis&odio=morbi&donec=odio&vitae=odio&nisi=elementum&nam=eu&ultrices=interdum', 'http://bloglovin.com/pede/venenatis/non/sodales.js?odio=rutrum&consequat=at&varius=lorem&integer=integer&ac=tincidunt&leo=ante&pellentesque=vel&ultrices=ipsum&mattis=praesent&odio=blandit&donec=lacinia&vitae=erat&nisi=vestibulum&nam=sed&ultrices=magna&libero=at&non=nunc&mattis=commodo&pulvinar=placerat&nulla=praesent&pede=blandit&ullamcorper=nam&augue=nulla&a=integer&suscipit=pede&nulla=justo&elit=lacinia&ac=eget&nulla=tincidunt&sed=eget&vel=tempus&enim=vel&sit=pede&amet=morbi&nunc=porttitor&viverra=lorem&dapibus=id');
insert into "Lesson" (id, course_id, name, stanza, sound) values (90, 6, 'donec', 'https://redcross.org/integer.html?urna=massa&ut=volutpat&tellus=convallis&nulla=morbi&ut=odio&erat=odio&id=elementum&mauris=eu&vulputate=interdum&elementum=eu&nullam=tincidunt&varius=in&nulla=leo&facilisi=maecenas&cras=pulvinar&non=lobortis&velit=est&nec=phasellus&nisi=sit&vulputate=amet&nonummy=erat&maecenas=nulla&tincidunt=tempus&lacus=vivamus&at=in&velit=felis&vivamus=eu&vel=sapien&nulla=cursus&eget=vestibulum&eros=proin&elementum=eu&pellentesque=mi&quisque=nulla&porta=ac&volutpat=enim&erat=in&quisque=tempor&erat=turpis&eros=nec&viverra=euismod&eget=scelerisque', 'http://nasa.gov/ante/nulla/justo.png?tortor=aliquam&risus=augue&dapibus=quam&augue=sollicitudin&vel=vitae&accumsan=consectetuer&tellus=eget&nisi=rutrum&eu=at&orci=lorem&mauris=integer&lacinia=tincidunt&sapien=ante&quis=vel&libero=ipsum&nullam=praesent&sit=blandit&amet=lacinia&turpis=erat&elementum=vestibulum&ligula=sed&vehicula=magna&consequat=at&morbi=nunc&a=commodo&ipsum=placerat&integer=praesent&a=blandit&nibh=nam&in=nulla&quis=integer&justo=pede&maecenas=justo');
insert into "Lesson" (id, course_id, name, stanza, sound) values (91, 3, 'in', 'http://myspace.com/sit/amet/sapien/dignissim.jpg?augue=ut&vel=nulla&accumsan=sed&tellus=accumsan&nisi=felis&eu=ut&orci=at&mauris=dolor&lacinia=quis&sapien=odio&quis=consequat&libero=varius&nullam=integer&sit=ac&amet=leo&turpis=pellentesque&elementum=ultrices&ligula=mattis&vehicula=odio&consequat=donec&morbi=vitae&a=nisi&ipsum=nam&integer=ultrices&a=libero&nibh=non&in=mattis&quis=pulvinar&justo=nulla&maecenas=pede&rhoncus=ullamcorper&aliquam=augue&lacus=a&morbi=suscipit&quis=nulla&tortor=elit&id=ac&nulla=nulla', 'https://1und1.de/non/mattis.aspx?integer=in&ac=faucibus&neque=orci&duis=luctus&bibendum=et&morbi=ultrices&non=posuere&quam=cubilia&nec=curae&dui=mauris&luctus=viverra&rutrum=diam&nulla=vitae&tellus=quam&in=suspendisse&sagittis=potenti&dui=nullam&vel=porttitor&nisl=lacus&duis=at&ac=turpis&nibh=donec&fusce=posuere&lacus=metus&purus=vitae&aliquet=ipsum&at=aliquam&feugiat=non&non=mauris&pretium=morbi&quis=non&lectus=lectus&suspendisse=aliquam&potenti=sit&in=amet&eleifend=diam&quam=in&a=magna&odio=bibendum&in=imperdiet&hac=nullam&habitasse=orci&platea=pede&dictumst=venenatis&maecenas=non&ut=sodales&massa=sed&quis=tincidunt&augue=eu&luctus=felis&tincidunt=fusce&nulla=posuere&mollis=felis');
insert into "Lesson" (id, course_id, name, stanza, sound) values (92, 5, 'magna', 'http://fc2.com/dui/vel/sem/sed/sagittis/nam.jsp?primis=ultrices&in=posuere&faucibus=cubilia&orci=curae&luctus=duis&et=faucibus&ultrices=accumsan&posuere=odio&cubilia=curabitur&curae=convallis&donec=duis&pharetra=consequat&magna=dui&vestibulum=nec&aliquet=nisi&ultrices=volutpat&erat=eleifend&tortor=donec&sollicitudin=ut&mi=dolor&sit=morbi&amet=vel&lobortis=lectus&sapien=in&sapien=quam&non=fringilla&mi=rhoncus&integer=mauris&ac=enim&neque=leo&duis=rhoncus&bibendum=sed&morbi=vestibulum&non=sit&quam=amet&nec=cursus&dui=id&luctus=turpis&rutrum=integer&nulla=aliquet&tellus=massa&in=id&sagittis=lobortis&dui=convallis&vel=tortor&nisl=risus&duis=dapibus&ac=augue&nibh=vel&fusce=accumsan&lacus=tellus&purus=nisi&aliquet=eu&at=orci&feugiat=mauris&non=lacinia&pretium=sapien&quis=quis', 'http://jimdo.com/proin.html?consequat=sapien&metus=sapien&sapien=non&ut=mi&nunc=integer&vestibulum=ac&ante=neque&ipsum=duis&primis=bibendum&in=morbi&faucibus=non&orci=quam&luctus=nec&et=dui&ultrices=luctus&posuere=rutrum&cubilia=nulla&curae=tellus&mauris=in&viverra=sagittis&diam=dui&vitae=vel&quam=nisl&suspendisse=duis&potenti=ac&nullam=nibh&porttitor=fusce&lacus=lacus&at=purus&turpis=aliquet');
insert into "Lesson" (id, course_id, name, stanza, sound) values (93, 6, 'purus', 'http://ucsd.edu/sapien/urna.png?neque=nam&vestibulum=congue&eget=risus&vulputate=semper&ut=porta&ultrices=volutpat&vel=quam&augue=pede&vestibulum=lobortis&ante=ligula&ipsum=sit&primis=amet&in=eleifend&faucibus=pede&orci=libero&luctus=quis&et=orci&ultrices=nullam&posuere=molestie&cubilia=nibh&curae=in&donec=lectus&pharetra=pellentesque&magna=at&vestibulum=nulla&aliquet=suspendisse&ultrices=potenti&erat=cras&tortor=in&sollicitudin=purus&mi=eu&sit=magna&amet=vulputate&lobortis=luctus&sapien=cum&sapien=sociis&non=natoque&mi=penatibus&integer=et&ac=magnis&neque=dis&duis=parturient&bibendum=montes&morbi=nascetur&non=ridiculus&quam=mus&nec=vivamus&dui=vestibulum&luctus=sagittis&rutrum=sapien&nulla=cum&tellus=sociis&in=natoque&sagittis=penatibus&dui=et&vel=magnis&nisl=dis&duis=parturient&ac=montes&nibh=nascetur&fusce=ridiculus&lacus=mus&purus=etiam&aliquet=vel&at=augue&feugiat=vestibulum&non=rutrum&pretium=rutrum&quis=neque&lectus=aenean&suspendisse=auctor&potenti=gravida&in=sem&eleifend=praesent&quam=id&a=massa&odio=id&in=nisl&hac=venenatis&habitasse=lacinia&platea=aenean&dictumst=sit&maecenas=amet&ut=justo&massa=morbi&quis=ut&augue=odio&luctus=cras&tincidunt=mi', 'http://nba.com/porttitor.aspx?et=pharetra&ultrices=magna&posuere=vestibulum&cubilia=aliquet&curae=ultrices&donec=erat&pharetra=tortor&magna=sollicitudin&vestibulum=mi&aliquet=sit&ultrices=amet&erat=lobortis&tortor=sapien&sollicitudin=sapien&mi=non&sit=mi&amet=integer&lobortis=ac&sapien=neque&sapien=duis&non=bibendum&mi=morbi&integer=non&ac=quam&neque=nec&duis=dui&bibendum=luctus&morbi=rutrum&non=nulla&quam=tellus&nec=in&dui=sagittis&luctus=dui&rutrum=vel&nulla=nisl&tellus=duis&in=ac&sagittis=nibh&dui=fusce&vel=lacus&nisl=purus&duis=aliquet&ac=at&nibh=feugiat&fusce=non&lacus=pretium&purus=quis&aliquet=lectus&at=suspendisse&feugiat=potenti&non=in&pretium=eleifend&quis=quam&lectus=a&suspendisse=odio&potenti=in&in=hac&eleifend=habitasse&quam=platea&a=dictumst&odio=maecenas');
insert into "Lesson" (id, course_id, name, stanza, sound) values (94, 7, 'suspendisse', 'https://comcast.net/id/pretium/iaculis/diam/erat/fermentum/justo.png?penatibus=scelerisque&et=mauris&magnis=sit&dis=amet&parturient=eros&montes=suspendisse&nascetur=accumsan&ridiculus=tortor&mus=quis&etiam=turpis&vel=sed&augue=ante&vestibulum=vivamus&rutrum=tortor&rutrum=duis&neque=mattis&aenean=egestas&auctor=metus&gravida=aenean&sem=fermentum&praesent=donec&id=ut&massa=mauris&id=eget&nisl=massa&venenatis=tempor&lacinia=convallis&aenean=nulla&sit=neque&amet=libero&justo=convallis&morbi=eget&ut=eleifend&odio=luctus&cras=ultricies&mi=eu&pede=nibh&malesuada=quisque&in=id&imperdiet=justo&et=sit&commodo=amet&vulputate=sapien&justo=dignissim&in=vestibulum&blandit=vestibulum&ultrices=ante&enim=ipsum&lorem=primis&ipsum=in&dolor=faucibus&sit=orci&amet=luctus&consectetuer=et&adipiscing=ultrices&elit=posuere&proin=cubilia&interdum=curae&mauris=nulla&non=dapibus&ligula=dolor&pellentesque=vel&ultrices=est&phasellus=donec&id=odio&sapien=justo&in=sollicitudin&sapien=ut&iaculis=suscipit&congue=a&vivamus=feugiat', 'http://woothemes.com/pede/ac.jpg?interdum=non&in=interdum&ante=in&vestibulum=ante&ante=vestibulum&ipsum=ante&primis=ipsum&in=primis&faucibus=in&orci=faucibus&luctus=orci&et=luctus&ultrices=et&posuere=ultrices&cubilia=posuere&curae=cubilia&duis=curae&faucibus=duis&accumsan=faucibus&odio=accumsan&curabitur=odio&convallis=curabitur&duis=convallis&consequat=duis&dui=consequat&nec=dui&nisi=nec&volutpat=nisi&eleifend=volutpat&donec=eleifend&ut=donec&dolor=ut&morbi=dolor&vel=morbi&lectus=vel&in=lectus&quam=in&fringilla=quam&rhoncus=fringilla&mauris=rhoncus&enim=mauris&leo=enim&rhoncus=leo&sed=rhoncus&vestibulum=sed&sit=vestibulum&amet=sit&cursus=amet&id=cursus&turpis=id&integer=turpis&aliquet=integer&massa=aliquet&id=massa&lobortis=id&convallis=lobortis&tortor=convallis&risus=tortor&dapibus=risus&augue=dapibus&vel=augue&accumsan=vel&tellus=accumsan&nisi=tellus&eu=nisi&orci=eu&mauris=orci&lacinia=mauris');
insert into "Lesson" (id, course_id, name, stanza, sound) values (95, 9, 'id', 'http://dyndns.org/ultrices/aliquet/maecenas/leo/odio.jsp?etiam=pede&pretium=venenatis&iaculis=non&justo=sodales&in=sed&hac=tincidunt&habitasse=eu&platea=felis&dictumst=fusce&etiam=posuere&faucibus=felis&cursus=sed&urna=lacus&ut=morbi&tellus=sem&nulla=mauris&ut=laoreet&erat=ut&id=rhoncus&mauris=aliquet&vulputate=pulvinar&elementum=sed&nullam=nisl&varius=nunc&nulla=rhoncus&facilisi=dui&cras=vel&non=sem&velit=sed&nec=sagittis&nisi=nam&vulputate=congue&nonummy=risus&maecenas=semper&tincidunt=porta&lacus=volutpat&at=quam&velit=pede&vivamus=lobortis&vel=ligula&nulla=sit&eget=amet&eros=eleifend&elementum=pede&pellentesque=libero&quisque=quis&porta=orci&volutpat=nullam&erat=molestie&quisque=nibh&erat=in&eros=lectus&viverra=pellentesque&eget=at&congue=nulla&eget=suspendisse&semper=potenti&rutrum=cras&nulla=in&nunc=purus&purus=eu&phasellus=magna&in=vulputate&felis=luctus&donec=cum&semper=sociis&sapien=natoque&a=penatibus&libero=et&nam=magnis&dui=dis&proin=parturient&leo=montes&odio=nascetur&porttitor=ridiculus&id=mus&consequat=vivamus&in=vestibulum&consequat=sagittis&ut=sapien&nulla=cum&sed=sociis&accumsan=natoque&felis=penatibus&ut=et&at=magnis&dolor=dis&quis=parturient&odio=montes&consequat=nascetur', 'https://de.vu/lectus/in/est/risus/auctor/sed/tristique.js?risus=tincidunt&dapibus=lacus&augue=at&vel=velit&accumsan=vivamus&tellus=vel&nisi=nulla&eu=eget&orci=eros&mauris=elementum&lacinia=pellentesque&sapien=quisque&quis=porta&libero=volutpat&nullam=erat&sit=quisque&amet=erat&turpis=eros&elementum=viverra&ligula=eget&vehicula=congue&consequat=eget&morbi=semper&a=rutrum&ipsum=nulla&integer=nunc&a=purus&nibh=phasellus&in=in&quis=felis&justo=donec&maecenas=semper&rhoncus=sapien&aliquam=a&lacus=libero&morbi=nam&quis=dui&tortor=proin&id=leo&nulla=odio&ultrices=porttitor&aliquet=id&maecenas=consequat&leo=in&odio=consequat&condimentum=ut&id=nulla&luctus=sed&nec=accumsan&molestie=felis&sed=ut&justo=at&pellentesque=dolor&viverra=quis&pede=odio&ac=consequat&diam=varius&cras=integer&pellentesque=ac&volutpat=leo&dui=pellentesque&maecenas=ultrices&tristique=mattis&est=odio&et=donec&tempus=vitae&semper=nisi&est=nam&quam=ultrices&pharetra=libero&magna=non&ac=mattis&consequat=pulvinar&metus=nulla&sapien=pede&ut=ullamcorper&nunc=augue&vestibulum=a&ante=suscipit&ipsum=nulla&primis=elit&in=ac&faucibus=nulla&orci=sed&luctus=vel&et=enim&ultrices=sit&posuere=amet&cubilia=nunc&curae=viverra&mauris=dapibus&viverra=nulla&diam=suscipit&vitae=ligula&quam=in');
insert into "Lesson" (id, course_id, name, stanza, sound) values (96, 2, 'pellentesque', 'http://example.com/fringilla/rhoncus/mauris.html?elementum=sed&eu=vestibulum&interdum=sit&eu=amet&tincidunt=cursus&in=id&leo=turpis&maecenas=integer&pulvinar=aliquet&lobortis=massa&est=id&phasellus=lobortis&sit=convallis&amet=tortor&erat=risus&nulla=dapibus&tempus=augue&vivamus=vel&in=accumsan&felis=tellus&eu=nisi&sapien=eu&cursus=orci&vestibulum=mauris&proin=lacinia&eu=sapien&mi=quis&nulla=libero&ac=nullam&enim=sit&in=amet&tempor=turpis&turpis=elementum&nec=ligula&euismod=vehicula&scelerisque=consequat&quam=morbi&turpis=a&adipiscing=ipsum&lorem=integer&vitae=a&mattis=nibh&nibh=in&ligula=quis&nec=justo&sem=maecenas&duis=rhoncus&aliquam=aliquam&convallis=lacus&nunc=morbi&proin=quis&at=tortor&turpis=id&a=nulla&pede=ultrices&posuere=aliquet&nonummy=maecenas&integer=leo&non=odio&velit=condimentum&donec=id&diam=luctus&neque=nec&vestibulum=molestie&eget=sed&vulputate=justo&ut=pellentesque&ultrices=viverra&vel=pede&augue=ac&vestibulum=diam&ante=cras&ipsum=pellentesque&primis=volutpat&in=dui&faucibus=maecenas&orci=tristique&luctus=est&et=et&ultrices=tempus&posuere=semper&cubilia=est&curae=quam&donec=pharetra&pharetra=magna&magna=ac&vestibulum=consequat&aliquet=metus&ultrices=sapien&erat=ut&tortor=nunc&sollicitudin=vestibulum&mi=ante&sit=ipsum', 'https://spiegel.de/tempor/turpis/nec/euismod/scelerisque.js?sed=pede&justo=ullamcorper&pellentesque=augue&viverra=a&pede=suscipit&ac=nulla&diam=elit&cras=ac&pellentesque=nulla&volutpat=sed&dui=vel&maecenas=enim&tristique=sit&est=amet&et=nunc&tempus=viverra&semper=dapibus&est=nulla&quam=suscipit&pharetra=ligula&magna=in&ac=lacus&consequat=curabitur&metus=at&sapien=ipsum&ut=ac&nunc=tellus&vestibulum=semper&ante=interdum&ipsum=mauris&primis=ullamcorper&in=purus&faucibus=sit&orci=amet');
insert into "Lesson" (id, course_id, name, stanza, sound) values (97, 6, 'sit', 'https://surveymonkey.com/erat/quisque/erat.json?vel=rhoncus&augue=aliquet&vestibulum=pulvinar&ante=sed&ipsum=nisl&primis=nunc&in=rhoncus&faucibus=dui&orci=vel&luctus=sem&et=sed&ultrices=sagittis&posuere=nam&cubilia=congue&curae=risus&donec=semper&pharetra=porta&magna=volutpat&vestibulum=quam&aliquet=pede&ultrices=lobortis&erat=ligula&tortor=sit&sollicitudin=amet&mi=eleifend&sit=pede&amet=libero&lobortis=quis&sapien=orci&sapien=nullam&non=molestie&mi=nibh&integer=in&ac=lectus&neque=pellentesque&duis=at&bibendum=nulla&morbi=suspendisse&non=potenti&quam=cras&nec=in&dui=purus&luctus=eu&rutrum=magna&nulla=vulputate&tellus=luctus&in=cum&sagittis=sociis&dui=natoque&vel=penatibus&nisl=et&duis=magnis&ac=dis&nibh=parturient&fusce=montes&lacus=nascetur&purus=ridiculus', 'http://census.gov/arcu/libero/rutrum/ac.png?posuere=quisque&cubilia=ut&curae=erat&duis=curabitur&faucibus=gravida');
insert into "Lesson" (id, course_id, name, stanza, sound) values (98, 8, 'donec', 'https://xinhuanet.com/eu.png?vestibulum=euismod&ante=scelerisque&ipsum=quam&primis=turpis&in=adipiscing&faucibus=lorem&orci=vitae&luctus=mattis&et=nibh&ultrices=ligula&posuere=nec&cubilia=sem&curae=duis&donec=aliquam&pharetra=convallis&magna=nunc&vestibulum=proin&aliquet=at&ultrices=turpis&erat=a&tortor=pede&sollicitudin=posuere&mi=nonummy&sit=integer&amet=non&lobortis=velit&sapien=donec&sapien=diam&non=neque&mi=vestibulum&integer=eget&ac=vulputate&neque=ut&duis=ultrices&bibendum=vel&morbi=augue&non=vestibulum&quam=ante&nec=ipsum&dui=primis&luctus=in&rutrum=faucibus&nulla=orci&tellus=luctus&in=et&sagittis=ultrices&dui=posuere&vel=cubilia&nisl=curae&duis=donec&ac=pharetra&nibh=magna&fusce=vestibulum&lacus=aliquet&purus=ultrices&aliquet=erat&at=tortor&feugiat=sollicitudin&non=mi&pretium=sit&quis=amet&lectus=lobortis&suspendisse=sapien&potenti=sapien', 'https://tamu.edu/orci/pede/venenatis.html?ac=curae&enim=mauris&in=viverra&tempor=diam&turpis=vitae&nec=quam&euismod=suspendisse&scelerisque=potenti&quam=nullam&turpis=porttitor&adipiscing=lacus');
insert into "Lesson" (id, course_id, name, stanza, sound) values (99, 3, 'pellentesque', 'http://sun.com/in/lacus/curabitur/at.html?at=mauris&nulla=lacinia&suspendisse=sapien&potenti=quis&cras=libero&in=nullam&purus=sit&eu=amet&magna=turpis&vulputate=elementum&luctus=ligula&cum=vehicula&sociis=consequat&natoque=morbi&penatibus=a&et=ipsum&magnis=integer&dis=a&parturient=nibh', 'https://symantec.com/tellus/in.png?lobortis=nec&convallis=molestie&tortor=sed&risus=justo');
insert into "Lesson" (id, course_id, name, stanza, sound) values (100, 3, 'justo', 'https://w3.org/lobortis/ligula/sit/amet/eleifend/pede/libero.js?amet=duis&justo=bibendum&morbi=morbi&ut=non&odio=quam&cras=nec&mi=dui&pede=luctus&malesuada=rutrum&in=nulla&imperdiet=tellus&et=in&commodo=sagittis&vulputate=dui&justo=vel&in=nisl&blandit=duis&ultrices=ac&enim=nibh&lorem=fusce&ipsum=lacus&dolor=purus&sit=aliquet&amet=at&consectetuer=feugiat&adipiscing=non&elit=pretium&proin=quis&interdum=lectus&mauris=suspendisse&non=potenti&ligula=in&pellentesque=eleifend&ultrices=quam&phasellus=a&id=odio&sapien=in&in=hac&sapien=habitasse&iaculis=platea&congue=dictumst&vivamus=maecenas&metus=ut&arcu=massa&adipiscing=quis&molestie=augue&hendrerit=luctus&at=tincidunt&vulputate=nulla&vitae=mollis&nisl=molestie&aenean=lorem&lectus=quisque&pellentesque=ut&eget=erat&nunc=curabitur&donec=gravida&quis=nisi&orci=at&eget=nibh&orci=in&vehicula=hac&condimentum=habitasse&curabitur=platea&in=dictumst&libero=aliquam&ut=augue&massa=quam&volutpat=sollicitudin&convallis=vitae&morbi=consectetuer&odio=eget&odio=rutrum&elementum=at&eu=lorem&interdum=integer&eu=tincidunt&tincidunt=ante&in=vel&leo=ipsum&maecenas=praesent&pulvinar=blandit&lobortis=lacinia&est=erat&phasellus=vestibulum&sit=sed&amet=magna&erat=at&nulla=nunc&tempus=commodo&vivamus=placerat&in=praesent&felis=blandit&eu=nam&sapien=nulla&cursus=integer&vestibulum=pede&proin=justo&eu=lacinia', 'https://state.tx.us/venenatis/tristique/fusce/congue/diam/id/ornare.jsp?et=ut&magnis=at&dis=dolor&parturient=quis&montes=odio&nascetur=consequat&ridiculus=varius&mus=integer&vivamus=ac&vestibulum=leo&sagittis=pellentesque&sapien=ultrices&cum=mattis&sociis=odio&natoque=donec&penatibus=vitae&et=nisi&magnis=nam&dis=ultrices&parturient=libero&montes=non&nascetur=mattis&ridiculus=pulvinar&mus=nulla&etiam=pede&vel=ullamcorper&augue=augue&vestibulum=a&rutrum=suscipit&rutrum=nulla&neque=elit&aenean=ac&auctor=nulla&gravida=sed&sem=vel&praesent=enim&id=sit&massa=amet&id=nunc&nisl=viverra&venenatis=dapibus&lacinia=nulla&aenean=suscipit');


-- // '"Course_Lesson"' seed data //
insert into "Course_Lesson" (id, user_id, course_id, lesson_id, is_completed) values (1, 1, 1, 5, true);
insert into "Course_Lesson" (id, user_id, course_id, lesson_id, is_completed) values (2, 3, 4, 3, true);
insert into "Course_Lesson" (id, user_id, course_id, lesson_id, is_completed) values (3, 3, 8, 33, true);
insert into "Course_Lesson" (id, user_id, course_id, lesson_id, is_completed) values (4, 16, 8, 35, true);
insert into "Course_Lesson" (id, user_id, course_id, lesson_id, is_completed) values (5, 12, 1, 9, true);
insert into "Course_Lesson" (id, user_id, course_id, lesson_id, is_completed) values (6, 12, 5, 69, false);
insert into "Course_Lesson" (id, user_id, course_id, lesson_id, is_completed) values (7, 7, 5, 52, false);
insert into "Course_Lesson" (id, user_id, course_id, lesson_id, is_completed) values (8, 9, 2, 50, true);
insert into "Course_Lesson" (id, user_id, course_id, lesson_id, is_completed) values (9, 17, 10, 51, false);
insert into "Course_Lesson" (id, user_id, course_id, lesson_id, is_completed) values (10, 15, 7, 51, true);
insert into "Course_Lesson" (id, user_id, course_id, lesson_id, is_completed) values (11, 19, 4, 35, false);
insert into "Course_Lesson" (id, user_id, course_id, lesson_id, is_completed) values (12, 10, 6, 24, false);
insert into "Course_Lesson" (id, user_id, course_id, lesson_id, is_completed) values (13, 13, 4, 54, true);
insert into "Course_Lesson" (id, user_id, course_id, lesson_id, is_completed) values (14, 8, 2, 66, true);
insert into "Course_Lesson" (id, user_id, course_id, lesson_id, is_completed) values (15, 1, 2, 62, true);
insert into "Course_Lesson" (id, user_id, course_id, lesson_id, is_completed) values (16, 19, 8, 51, true);
insert into "Course_Lesson" (id, user_id, course_id, lesson_id, is_completed) values (17, 17, 3, 88, false);
insert into "Course_Lesson" (id, user_id, course_id, lesson_id, is_completed) values (18, 4, 6, 99, true);
insert into "Course_Lesson" (id, user_id, course_id, lesson_id, is_completed) values (19, 9, 1, 38, true);
insert into "Course_Lesson" (id, user_id, course_id, lesson_id, is_completed) values (20, 4, 6, 24, true);
insert into "Course_Lesson" (id, user_id, course_id, lesson_id, is_completed) values (21, 14, 10, 8, true);
insert into "Course_Lesson" (id, user_id, course_id, lesson_id, is_completed) values (22, 20, 3, 56, false);
insert into "Course_Lesson" (id, user_id, course_id, lesson_id, is_completed) values (23, 16, 8, 76, false);
insert into "Course_Lesson" (id, user_id, course_id, lesson_id, is_completed) values (24, 1, 6, 58, true);
insert into "Course_Lesson" (id, user_id, course_id, lesson_id, is_completed) values (25, 15, 4, 33, true);
insert into "Course_Lesson" (id, user_id, course_id, lesson_id, is_completed) values (26, 4, 6, 90, true);
insert into "Course_Lesson" (id, user_id, course_id, lesson_id, is_completed) values (27, 17, 8, 34, false);
insert into "Course_Lesson" (id, user_id, course_id, lesson_id, is_completed) values (28, 7, 5, 96, true);
insert into "Course_Lesson" (id, user_id, course_id, lesson_id, is_completed) values (29, 20, 7, 33, true);
insert into "Course_Lesson" (id, user_id, course_id, lesson_id, is_completed) values (30, 9, 4, 16, false);
insert into "Course_Lesson" (id, user_id, course_id, lesson_id, is_completed) values (31, 5, 4, 61, true);
insert into "Course_Lesson" (id, user_id, course_id, lesson_id, is_completed) values (32, 9, 1, 57, false);
insert into "Course_Lesson" (id, user_id, course_id, lesson_id, is_completed) values (33, 8, 5, 65, true);
insert into "Course_Lesson" (id, user_id, course_id, lesson_id, is_completed) values (34, 1, 10, 83, true);
insert into "Course_Lesson" (id, user_id, course_id, lesson_id, is_completed) values (35, 9, 3, 40, true);
insert into "Course_Lesson" (id, user_id, course_id, lesson_id, is_completed) values (36, 16, 6, 37, true);
insert into "Course_Lesson" (id, user_id, course_id, lesson_id, is_completed) values (37, 4, 4, 39, true);
insert into "Course_Lesson" (id, user_id, course_id, lesson_id, is_completed) values (38, 9, 2, 9, false);
insert into "Course_Lesson" (id, user_id, course_id, lesson_id, is_completed) values (39, 2, 6, 77, false);
insert into "Course_Lesson" (id, user_id, course_id, lesson_id, is_completed) values (40, 9, 7, 98, false);
insert into "Course_Lesson" (id, user_id, course_id, lesson_id, is_completed) values (41, 4, 10, 88, false);
insert into "Course_Lesson" (id, user_id, course_id, lesson_id, is_completed) values (42, 3, 8, 44, false);
insert into "Course_Lesson" (id, user_id, course_id, lesson_id, is_completed) values (43, 3, 2, 11, true);
insert into "Course_Lesson" (id, user_id, course_id, lesson_id, is_completed) values (44, 5, 5, 92, false);
insert into "Course_Lesson" (id, user_id, course_id, lesson_id, is_completed) values (45, 13, 7, 57, false);
insert into "Course_Lesson" (id, user_id, course_id, lesson_id, is_completed) values (46, 2, 8, 61, false);
insert into "Course_Lesson" (id, user_id, course_id, lesson_id, is_completed) values (47, 12, 9, 29, true);
insert into "Course_Lesson" (id, user_id, course_id, lesson_id, is_completed) values (48, 8, 5, 36, false);
insert into "Course_Lesson" (id, user_id, course_id, lesson_id, is_completed) values (49, 8, 9, 86, false);
insert into "Course_Lesson" (id, user_id, course_id, lesson_id, is_completed) values (50, 20, 9, 3, true);
insert into "Course_Lesson" (id, user_id, course_id, lesson_id, is_completed) values (51, 16, 7, 99, true);
insert into "Course_Lesson" (id, user_id, course_id, lesson_id, is_completed) values (52, 5, 1, 53, true);
insert into "Course_Lesson" (id, user_id, course_id, lesson_id, is_completed) values (53, 9, 4, 70, true);
insert into "Course_Lesson" (id, user_id, course_id, lesson_id, is_completed) values (54, 18, 4, 72, false);
insert into "Course_Lesson" (id, user_id, course_id, lesson_id, is_completed) values (55, 20, 7, 89, true);
insert into "Course_Lesson" (id, user_id, course_id, lesson_id, is_completed) values (56, 9, 10, 67, true);
insert into "Course_Lesson" (id, user_id, course_id, lesson_id, is_completed) values (57, 16, 10, 17, true);
insert into "Course_Lesson" (id, user_id, course_id, lesson_id, is_completed) values (58, 19, 10, 5, false);
insert into "Course_Lesson" (id, user_id, course_id, lesson_id, is_completed) values (59, 3, 5, 90, true);
insert into "Course_Lesson" (id, user_id, course_id, lesson_id, is_completed) values (60, 2, 6, 68, false);
insert into "Course_Lesson" (id, user_id, course_id, lesson_id, is_completed) values (61, 15, 4, 79, false);
insert into "Course_Lesson" (id, user_id, course_id, lesson_id, is_completed) values (62, 19, 4, 19, true);
insert into "Course_Lesson" (id, user_id, course_id, lesson_id, is_completed) values (63, 9, 8, 68, true);
insert into "Course_Lesson" (id, user_id, course_id, lesson_id, is_completed) values (64, 4, 5, 14, true);
insert into "Course_Lesson" (id, user_id, course_id, lesson_id, is_completed) values (65, 17, 10, 59, false);
insert into "Course_Lesson" (id, user_id, course_id, lesson_id, is_completed) values (66, 1, 2, 35, true);
insert into "Course_Lesson" (id, user_id, course_id, lesson_id, is_completed) values (67, 12, 10, 13, false);
insert into "Course_Lesson" (id, user_id, course_id, lesson_id, is_completed) values (68, 17, 1, 14, true);
insert into "Course_Lesson" (id, user_id, course_id, lesson_id, is_completed) values (69, 15, 1, 2, true);
insert into "Course_Lesson" (id, user_id, course_id, lesson_id, is_completed) values (70, 9, 5, 66, false);
insert into "Course_Lesson" (id, user_id, course_id, lesson_id, is_completed) values (71, 7, 9, 37, true);
insert into "Course_Lesson" (id, user_id, course_id, lesson_id, is_completed) values (72, 2, 10, 18, false);
insert into "Course_Lesson" (id, user_id, course_id, lesson_id, is_completed) values (73, 17, 2, 49, false);
insert into "Course_Lesson" (id, user_id, course_id, lesson_id, is_completed) values (74, 2, 4, 25, false);
insert into "Course_Lesson" (id, user_id, course_id, lesson_id, is_completed) values (75, 19, 9, 66, false);
insert into "Course_Lesson" (id, user_id, course_id, lesson_id, is_completed) values (76, 7, 1, 78, false);
insert into "Course_Lesson" (id, user_id, course_id, lesson_id, is_completed) values (77, 17, 4, 92, false);
insert into "Course_Lesson" (id, user_id, course_id, lesson_id, is_completed) values (78, 5, 3, 56, false);
insert into "Course_Lesson" (id, user_id, course_id, lesson_id, is_completed) values (79, 2, 6, 5, true);
insert into "Course_Lesson" (id, user_id, course_id, lesson_id, is_completed) values (80, 10, 9, 28, true);
insert into "Course_Lesson" (id, user_id, course_id, lesson_id, is_completed) values (81, 3, 8, 50, false);
insert into "Course_Lesson" (id, user_id, course_id, lesson_id, is_completed) values (82, 20, 2, 11, false);
insert into "Course_Lesson" (id, user_id, course_id, lesson_id, is_completed) values (83, 13, 10, 79, true);
insert into "Course_Lesson" (id, user_id, course_id, lesson_id, is_completed) values (84, 18, 6, 33, false);
insert into "Course_Lesson" (id, user_id, course_id, lesson_id, is_completed) values (85, 5, 5, 20, true);
insert into "Course_Lesson" (id, user_id, course_id, lesson_id, is_completed) values (86, 12, 5, 34, false);
insert into "Course_Lesson" (id, user_id, course_id, lesson_id, is_completed) values (87, 14, 2, 28, true);
insert into "Course_Lesson" (id, user_id, course_id, lesson_id, is_completed) values (88, 8, 3, 8, false);
insert into "Course_Lesson" (id, user_id, course_id, lesson_id, is_completed) values (89, 16, 7, 57, true);
insert into "Course_Lesson" (id, user_id, course_id, lesson_id, is_completed) values (90, 6, 4, 36, false);
insert into "Course_Lesson" (id, user_id, course_id, lesson_id, is_completed) values (91, 11, 5, 80, false);
insert into "Course_Lesson" (id, user_id, course_id, lesson_id, is_completed) values (92, 15, 7, 6, true);
insert into "Course_Lesson" (id, user_id, course_id, lesson_id, is_completed) values (93, 6, 7, 43, false);
insert into "Course_Lesson" (id, user_id, course_id, lesson_id, is_completed) values (94, 18, 6, 4, true);
insert into "Course_Lesson" (id, user_id, course_id, lesson_id, is_completed) values (95, 15, 6, 100, true);
insert into "Course_Lesson" (id, user_id, course_id, lesson_id, is_completed) values (96, 12, 7, 97, true);
insert into "Course_Lesson" (id, user_id, course_id, lesson_id, is_completed) values (97, 7, 7, 8, false);
insert into "Course_Lesson" (id, user_id, course_id, lesson_id, is_completed) values (98, 1, 8, 54, false);
insert into "Course_Lesson" (id, user_id, course_id, lesson_id, is_completed) values (99, 2, 9, 23, true);
insert into "Course_Lesson" (id, user_id, course_id, lesson_id, is_completed) values (100, 12, 9, 50, true);


-- // '"Contact"' seed data //
insert into "Contact" (id, first_name, last_name, email, message) values (1, 'Yolanda', 'Forber', 'yforber0@nifty.com', 'Fusce posuere felis sed lacus. Morbi sem mauris, laoreet ut, rhoncus aliquet, pulvinar sed, nisl. Nunc rhoncus dui vel sem.');
insert into "Contact" (id, first_name, last_name, email, message) values (2, 'Stevana', 'Inggall', 'singgall1@boston.com', 'Donec diam neque, vestibulum eget, vulputate ut, ultrices vel, augue. Vestibulum ante ipsum primis in faucibus orci luctus et ultrices posuere cubilia Curae; Donec pharetra, magna vestibulum aliquet ultrices, erat tortor sollicitudin mi, sit amet lobortis sapien sapien non mi. Integer ac neque.');
insert into "Contact" (id, first_name, last_name, email, message) values (3, 'Olympe', 'Skyme', 'oskyme2@ucla.edu', 'Praesent blandit. Nam nulla. Integer pede justo, lacinia eget, tincidunt eget, tempus vel, pede.');
insert into "Contact" (id, first_name, last_name, email, message) values (4, 'Veriee', 'Beebe', 'vbeebe3@deviantart.com', 'Nullam porttitor lacus at turpis. Donec posuere metus vitae ipsum. Aliquam non mauris.');
insert into "Contact" (id, first_name, last_name, email, message) values (5, 'Daphne', 'Caress', 'dcaress4@bing.com', 'Curabitur in libero ut massa volutpat convallis. Morbi odio odio, elementum eu, interdum eu, tincidunt in, leo. Maecenas pulvinar lobortis est.');
insert into "Contact" (id, first_name, last_name, email, message) values (6, 'Alix', 'Carass', 'acarass5@deviantart.com', 'Lorem ipsum dolor sit amet, consectetuer adipiscing elit. Proin risus. Praesent lectus.');
insert into "Contact" (id, first_name, last_name, email, message) values (7, 'Jo', 'Raft', 'jraft6@domainmarket.com', 'Etiam vel augue. Vestibulum rutrum rutrum neque. Aenean auctor gravida sem.');
insert into "Contact" (id, first_name, last_name, email, message) values (8, 'Jinny', 'Eliasen', 'jeliasen7@narod.ru', 'Duis consequat dui nec nisi volutpat eleifend. Donec ut dolor. Morbi vel lectus in quam fringilla rhoncus.');
insert into "Contact" (id, first_name, last_name, email, message) values (9, 'Caryl', 'Borkett', 'cborkett8@drupal.org', 'In hac habitasse platea dictumst. Etiam faucibus cursus urna. Ut tellus.');
insert into "Contact" (id, first_name, last_name, email, message) values (10, 'Adam', 'Romanin', 'aromanin9@dropbox.com', 'Suspendisse potenti. In eleifend quam a odio. In hac habitasse platea dictumst.');
